,Compound,Date,Negative,Neutral,Positive,Tweets Ago,Username
0,0.5994,Sun Sep 02 20:11:42 +0000 2018,0.588,0.0,0.412,1,@BBC
1,0.0,Sun Sep 02 19:47:44 +0000 2018,1.0,0.0,0.0,2,@BBC
2,0.5719,Sun Sep 02 18:08:04 +0000 2018,0.802,0.0,0.198,3,@BBC
3,0.0,Sun Sep 02 17:06:04 +0000 2018,1.0,0.0,0.0,4,@BBC
4,0.128,Sun Sep 02 16:05:04 +0000 2018,0.797,0.092,0.112,5,@BBC
5,0.0,Sun Sep 02 15:24:46 +0000 2018,1.0,0.0,0.0,6,@BBC
6,-0.2263,Sun Sep 02 15:12:01 +0000 2018,0.84,0.16,0.0,7,@BBC
7,0.5106,Sun Sep 02 14:06:08 +0000 2018,0.549,0.161,0.29,8,@BBC
8,0.0772,Sun Sep 02 14:03:02 +0000 2018,0.944,0.0,0.056,9,@BBC
9,0.0,Sun Sep 02 13:03:02 +0000 2018,1.0,0.0,0.0,10,@BBC
10,-0.3818,Sun Sep 02 12:25:11 +0000 2018,0.825,0.175,0.0,11,@BBC
11,0.0,Sun Sep 02 12:24:18 +0000 2018,1.0,0.0,0.0,12,@BBC
12,0.743,Sun Sep 02 11:34:00 +0000 2018,0.73,0.0,0.27,13,@BBC
13,0.7684,Sun Sep 02 11:03:19 +0000 2018,0.712,0.0,0.288,14,@BBC
14,0.0,Sun Sep 02 10:20:05 +0000 2018,1.0,0.0,0.0,15,@BBC
15,-0.0516,Sun Sep 02 10:07:06 +0000 2018,0.893,0.107,0.0,16,@BBC
16,0.0,Sun Sep 02 09:09:03 +0000 2018,1.0,0.0,0.0,17,@BBC
17,-0.296,Sun Sep 02 08:11:03 +0000 2018,0.82,0.18,0.0,18,@BBC
18,0.0,Sun Sep 02 07:05:06 +0000 2018,1.0,0.0,0.0,19,@BBC
19,0.802,Sat Sep 01 19:55:23 +0000 2018,0.676,0.0,0.324,20,@BBC
20,-0.5859,Sat Sep 01 18:47:18 +0000 2018,0.798,0.202,0.0,21,@BBC
21,-0.4588,Sat Sep 01 18:09:04 +0000 2018,0.786,0.214,0.0,22,@BBC
22,0.6258,Sat Sep 01 17:02:06 +0000 2018,0.718,0.0,0.282,23,@BBC
23,0.128,Sat Sep 01 16:07:05 +0000 2018,0.88,0.0,0.12,24,@BBC
24,0.0,Sat Sep 01 15:02:06 +0000 2018,1.0,0.0,0.0,25,@BBC
25,0.5262,Sat Sep 01 14:43:14 +0000 2018,0.815,0.0,0.185,26,@BBC
26,0.7184,Sat Sep 01 14:10:03 +0000 2018,0.75,0.0,0.25,27,@BBC
27,0.4019,Sat Sep 01 13:04:05 +0000 2018,0.69,0.0,0.31,28,@BBC
28,0.6369,Sat Sep 01 12:06:02 +0000 2018,0.724,0.0,0.276,29,@BBC
29,-0.4767,Sat Sep 01 11:39:44 +0000 2018,0.846,0.154,0.0,30,@BBC
30,-0.2023,Sat Sep 01 11:39:34 +0000 2018,0.726,0.173,0.101,31,@BBC
31,0.0258,Sat Sep 01 11:05:04 +0000 2018,0.8,0.098,0.102,32,@BBC
32,0.0,Sat Sep 01 10:04:00 +0000 2018,1.0,0.0,0.0,33,@BBC
33,0.0,Sat Sep 01 09:04:02 +0000 2018,1.0,0.0,0.0,34,@BBC
34,0.0,Sat Sep 01 07:59:03 +0000 2018,1.0,0.0,0.0,35,@BBC
35,0.4215,Sat Sep 01 07:05:03 +0000 2018,0.823,0.0,0.177,36,@BBC
36,0.2023,Fri Aug 31 20:31:05 +0000 2018,0.814,0.078,0.109,37,@BBC
37,0.1027,Fri Aug 31 18:00:23 +0000 2018,0.667,0.156,0.178,38,@BBC
38,0.0,Fri Aug 31 15:59:04 +0000 2018,1.0,0.0,0.0,39,@BBC
39,-0.4201,Fri Aug 31 13:04:02 +0000 2018,0.72,0.193,0.087,40,@BBC
40,0.5423,Wed Aug 29 18:31:09 +0000 2018,0.594,0.123,0.283,41,@BBC
41,0.0,Wed Aug 29 17:27:04 +0000 2018,1.0,0.0,0.0,42,@BBC
42,0.3612,Wed Aug 29 16:00:22 +0000 2018,0.783,0.0,0.217,43,@BBC
43,0.0,Wed Aug 29 14:35:57 +0000 2018,1.0,0.0,0.0,44,@BBC
44,0.296,Wed Aug 29 13:01:06 +0000 2018,0.82,0.0,0.18,45,@BBC
45,0.0,Wed Aug 29 12:00:22 +0000 2018,1.0,0.0,0.0,46,@BBC
46,-0.6486,Wed Aug 29 10:48:29 +0000 2018,0.815,0.185,0.0,47,@BBC
47,0.0,Wed Aug 29 09:08:48 +0000 2018,1.0,0.0,0.0,48,@BBC
48,0.4939,Wed Aug 29 08:00:15 +0000 2018,0.775,0.0,0.225,49,@BBC
49,-0.4404,Wed Aug 29 07:23:05 +0000 2018,0.868,0.132,0.0,50,@BBC
50,0.0,Wed Aug 29 07:00:12 +0000 2018,1.0,0.0,0.0,51,@BBC
51,0.0,Tue Aug 28 18:56:05 +0000 2018,1.0,0.0,0.0,52,@BBC
52,0.5423,Tue Aug 28 18:03:04 +0000 2018,0.78,0.0,0.22,53,@BBC
53,0.0,Tue Aug 28 16:01:02 +0000 2018,1.0,0.0,0.0,54,@BBC
54,0.5994,Tue Aug 28 14:51:38 +0000 2018,0.795,0.0,0.205,55,@BBC
55,0.3612,Tue Aug 28 14:51:32 +0000 2018,0.848,0.0,0.152,56,@BBC
56,0.0,Tue Aug 28 13:02:04 +0000 2018,1.0,0.0,0.0,57,@BBC
57,0.0,Tue Aug 28 12:48:59 +0000 2018,1.0,0.0,0.0,58,@BBC
58,0.4767,Tue Aug 28 12:00:18 +0000 2018,0.728,0.0,0.272,59,@BBC
59,0.8316,Tue Aug 28 11:33:00 +0000 2018,0.63,0.0,0.37,60,@BBC
60,-0.1027,Sat Aug 25 12:00:17 +0000 2018,0.638,0.202,0.16,61,@BBC
61,0.0,Sat Aug 25 11:07:04 +0000 2018,1.0,0.0,0.0,62,@BBC
62,0.0,Sat Aug 25 09:45:20 +0000 2018,1.0,0.0,0.0,63,@BBC
63,0.0,Sat Aug 25 09:00:19 +0000 2018,1.0,0.0,0.0,64,@BBC
64,0.0,Sat Aug 25 08:00:06 +0000 2018,1.0,0.0,0.0,65,@BBC
65,0.0,Fri Aug 24 20:03:07 +0000 2018,1.0,0.0,0.0,66,@BBC
66,0.0,Fri Aug 24 18:02:07 +0000 2018,1.0,0.0,0.0,67,@BBC
67,0.3182,Fri Aug 24 15:59:00 +0000 2018,0.874,0.0,0.126,68,@BBC
68,0.784,Fri Aug 24 14:58:04 +0000 2018,0.744,0.0,0.256,69,@BBC
69,0.0,Fri Aug 24 14:22:04 +0000 2018,1.0,0.0,0.0,70,@BBC
70,0.0,Fri Aug 24 13:07:53 +0000 2018,1.0,0.0,0.0,71,@BBC
71,0.0516,Fri Aug 24 12:01:06 +0000 2018,0.926,0.0,0.074,72,@BBC
72,0.0,Fri Aug 24 11:00:12 +0000 2018,1.0,0.0,0.0,73,@BBC
73,0.0,Fri Aug 24 08:43:01 +0000 2018,1.0,0.0,0.0,74,@BBC
74,-0.4939,Fri Aug 24 08:00:15 +0000 2018,0.862,0.138,0.0,75,@BBC
75,0.0,Fri Aug 24 07:27:06 +0000 2018,1.0,0.0,0.0,76,@BBC
76,0.0,Fri Aug 24 07:00:10 +0000 2018,1.0,0.0,0.0,77,@BBC
77,0.0,Thu Aug 23 19:00:22 +0000 2018,1.0,0.0,0.0,78,@BBC
78,0.5859,Thu Aug 23 18:02:06 +0000 2018,0.833,0.0,0.167,79,@BBC
79,0.0,Thu Aug 23 17:31:00 +0000 2018,1.0,0.0,0.0,80,@BBC
80,0.0,Sun Aug 19 16:56:00 +0000 2018,1.0,0.0,0.0,81,@BBC
81,0.5984,Sun Aug 19 16:05:00 +0000 2018,0.671,0.0,0.329,82,@BBC
82,0.0,Sun Aug 19 15:03:05 +0000 2018,1.0,0.0,0.0,83,@BBC
83,0.4404,Sun Aug 19 14:10:05 +0000 2018,0.707,0.0,0.293,84,@BBC
84,-0.2023,Sun Aug 19 13:12:07 +0000 2018,0.805,0.121,0.075,85,@BBC
85,0.0516,Sun Aug 19 11:03:06 +0000 2018,0.678,0.136,0.186,86,@BBC
86,0.5859,Sun Aug 19 10:06:04 +0000 2018,0.441,0.0,0.559,87,@BBC
87,-0.7096,Sun Aug 19 09:02:05 +0000 2018,0.763,0.237,0.0,88,@BBC
88,0.6908,Sun Aug 19 08:08:05 +0000 2018,0.659,0.0,0.341,89,@BBC
89,0.5994,Sun Aug 19 07:03:04 +0000 2018,0.813,0.0,0.187,90,@BBC
90,0.0,Sat Aug 18 19:05:04 +0000 2018,1.0,0.0,0.0,91,@BBC
91,0.144,Sat Aug 18 18:05:04 +0000 2018,0.893,0.0,0.107,92,@BBC
92,0.0,Sat Aug 18 17:01:07 +0000 2018,1.0,0.0,0.0,93,@BBC
93,0.4091,Sat Aug 18 16:07:09 +0000 2018,0.837,0.0,0.163,94,@BBC
94,0.8519,Sat Aug 18 15:05:06 +0000 2018,0.623,0.0,0.377,95,@BBC
95,0.0,Sat Aug 18 13:01:03 +0000 2018,1.0,0.0,0.0,96,@BBC
96,0.4215,Sat Aug 18 12:00:15 +0000 2018,0.833,0.0,0.167,97,@BBC
97,0.0,Sat Aug 18 11:04:02 +0000 2018,1.0,0.0,0.0,98,@BBC
98,0.7845,Sat Aug 18 09:55:35 +0000 2018,0.532,0.12,0.349,99,@BBC
99,0.8885,Sat Aug 18 09:44:45 +0000 2018,0.632,0.0,0.368,100,@BBC
100,0.0,Sun Aug 12 17:18:17 +0000 2018,1.0,0.0,0.0,101,@BBC
101,0.0,Sun Aug 12 17:04:06 +0000 2018,1.0,0.0,0.0,102,@BBC
102,0.0,Sun Aug 12 16:04:05 +0000 2018,1.0,0.0,0.0,103,@BBC
103,0.0,Sun Aug 12 15:05:03 +0000 2018,1.0,0.0,0.0,104,@BBC
104,0.0,Sun Aug 12 14:04:02 +0000 2018,1.0,0.0,0.0,105,@BBC
105,-0.296,Sun Aug 12 13:02:03 +0000 2018,0.879,0.121,0.0,106,@BBC
106,0.4588,Sun Aug 12 12:04:07 +0000 2018,0.87,0.0,0.13,107,@BBC
107,0.4753,Sun Aug 12 11:01:07 +0000 2018,0.877,0.0,0.123,108,@BBC
108,-0.296,Sun Aug 12 10:02:00 +0000 2018,0.896,0.104,0.0,109,@BBC
109,0.7506,Sun Aug 12 09:31:08 +0000 2018,0.529,0.076,0.394,110,@BBC
110,-0.296,Sun Aug 12 09:03:03 +0000 2018,0.732,0.171,0.098,111,@BBC
111,0.0,Sun Aug 12 08:42:38 +0000 2018,1.0,0.0,0.0,112,@BBC
112,0.7096,Sun Aug 12 08:42:32 +0000 2018,0.763,0.0,0.237,113,@BBC
113,0.0,Sun Aug 12 08:40:01 +0000 2018,1.0,0.0,0.0,114,@BBC
114,-0.0772,Sun Aug 12 08:02:04 +0000 2018,0.559,0.231,0.21,115,@BBC
115,0.0258,Sun Aug 12 07:03:03 +0000 2018,0.73,0.133,0.137,116,@BBC
116,0.0,Sat Aug 11 20:02:03 +0000 2018,1.0,0.0,0.0,117,@BBC
117,0.3182,Sat Aug 11 19:01:06 +0000 2018,0.881,0.0,0.119,118,@BBC
118,0.0,Sat Aug 11 17:04:05 +0000 2018,1.0,0.0,0.0,119,@BBC
119,0.0,Sat Aug 11 16:04:00 +0000 2018,1.0,0.0,0.0,120,@BBC
120,0.5106,Sat Aug 04 18:10:03 +0000 2018,0.809,0.0,0.191,121,@BBC
121,0.0,Sat Aug 04 17:03:07 +0000 2018,1.0,0.0,0.0,122,@BBC
122,-0.4215,Sat Aug 04 16:07:05 +0000 2018,0.865,0.135,0.0,123,@BBC
123,0.5106,Sat Aug 04 15:05:06 +0000 2018,0.829,0.0,0.171,124,@BBC
124,0.5697,Sat Aug 04 14:06:06 +0000 2018,0.433,0.184,0.383,125,@BBC
125,0.0,Sat Aug 04 13:19:26 +0000 2018,1.0,0.0,0.0,126,@BBC
126,0.5719,Sat Aug 04 13:19:04 +0000 2018,0.748,0.0,0.252,127,@BBC
127,0.0,Sat Aug 04 13:04:05 +0000 2018,1.0,0.0,0.0,128,@BBC
128,0.34,Sat Aug 04 12:10:17 +0000 2018,0.745,0.0,0.255,129,@BBC
129,-0.4588,Sat Aug 04 12:05:02 +0000 2018,0.636,0.364,0.0,130,@BBC
130,0.34,Sat Aug 04 11:05:04 +0000 2018,0.87,0.0,0.13,131,@BBC
131,0.2263,Sat Aug 04 10:05:07 +0000 2018,0.909,0.0,0.091,132,@BBC
132,0.0,Sat Aug 04 09:06:02 +0000 2018,1.0,0.0,0.0,133,@BBC
133,-0.2363,Sat Aug 04 08:03:05 +0000 2018,0.903,0.097,0.0,134,@BBC
134,0.8779,Sat Aug 04 07:00:15 +0000 2018,0.631,0.0,0.369,135,@BBC
135,0.0,Fri Aug 03 21:02:05 +0000 2018,1.0,0.0,0.0,136,@BBC
136,0.0,Fri Aug 03 18:04:05 +0000 2018,1.0,0.0,0.0,137,@BBC
137,0.0,Fri Aug 03 17:29:03 +0000 2018,1.0,0.0,0.0,138,@BBC
138,0.0,Fri Aug 03 15:59:00 +0000 2018,1.0,0.0,0.0,139,@BBC
139,0.3612,Fri Aug 03 14:03:46 +0000 2018,0.83,0.055,0.115,140,@BBC
140,0.6514,Sat Sep 01 15:25:34 +0000 2018,0.829,0.0,0.171,1,@CBS
141,0.0,Fri Aug 31 21:26:49 +0000 2018,1.0,0.0,0.0,2,@CBS
142,0.0,Fri Aug 31 18:01:01 +0000 2018,1.0,0.0,0.0,3,@CBS
143,-0.6908,Thu Aug 30 19:45:51 +0000 2018,0.761,0.239,0.0,4,@CBS
144,0.6239,Thu Aug 30 15:32:47 +0000 2018,0.83,0.0,0.17,5,@CBS
145,0.0,Mon Aug 27 23:36:57 +0000 2018,1.0,0.0,0.0,6,@CBS
146,-0.4389,Fri Aug 24 20:30:16 +0000 2018,0.879,0.121,0.0,7,@CBS
147,0.0,Wed Aug 22 20:55:25 +0000 2018,1.0,0.0,0.0,8,@CBS
148,0.0,Wed Aug 22 20:10:12 +0000 2018,1.0,0.0,0.0,9,@CBS
149,0.5423,Mon Aug 20 21:59:56 +0000 2018,0.829,0.0,0.171,10,@CBS
150,0.3182,Fri Aug 17 17:42:02 +0000 2018,0.887,0.0,0.113,11,@CBS
151,0.0,Thu Aug 16 18:40:09 +0000 2018,1.0,0.0,0.0,12,@CBS
152,-0.5267,Thu Aug 16 00:09:03 +0000 2018,0.72,0.188,0.092,13,@CBS
153,0.0,Sun Aug 12 23:30:02 +0000 2018,1.0,0.0,0.0,14,@CBS
154,0.4389,Sun Aug 12 15:04:59 +0000 2018,0.874,0.0,0.126,15,@CBS
155,-0.3182,Sat Aug 11 18:00:00 +0000 2018,0.897,0.103,0.0,16,@CBS
156,0.4926,Sat Aug 11 15:00:02 +0000 2018,0.856,0.0,0.144,17,@CBS
157,0.8957,Fri Aug 10 22:28:55 +0000 2018,0.581,0.0,0.419,18,@CBS
158,0.0,Fri Aug 10 19:59:14 +0000 2018,1.0,0.0,0.0,19,@CBS
159,0.6696,Thu Aug 09 21:00:00 +0000 2018,0.745,0.0,0.255,20,@CBS
160,0.7901,Thu Aug 09 18:47:00 +0000 2018,0.72,0.0,0.28,21,@CBS
161,0.6696,Wed Aug 08 16:05:11 +0000 2018,0.791,0.0,0.209,22,@CBS
162,0.0,Tue Aug 07 16:06:57 +0000 2018,1.0,0.0,0.0,23,@CBS
163,0.3612,Mon Aug 06 00:20:55 +0000 2018,0.889,0.0,0.111,24,@CBS
164,0.5411,Mon Aug 06 00:07:38 +0000 2018,0.683,0.098,0.219,25,@CBS
165,0.3818,Mon Aug 06 00:02:58 +0000 2018,0.894,0.0,0.106,26,@CBS
166,0.5093,Mon Aug 06 00:02:02 +0000 2018,0.845,0.0,0.155,27,@CBS
167,0.0,Sun Aug 05 23:58:41 +0000 2018,1.0,0.0,0.0,28,@CBS
168,0.8316,Sun Aug 05 23:44:39 +0000 2018,0.694,0.0,0.306,29,@CBS
169,0.0,Sun Aug 05 23:41:21 +0000 2018,1.0,0.0,0.0,30,@CBS
170,0.5994,Sun Aug 05 23:35:49 +0000 2018,0.843,0.0,0.157,31,@CBS
171,0.0,Sun Aug 05 23:35:46 +0000 2018,1.0,0.0,0.0,32,@CBS
172,0.5826,Sun Aug 05 23:16:25 +0000 2018,0.827,0.0,0.173,33,@CBS
173,-0.5093,Sun Aug 05 23:12:39 +0000 2018,0.798,0.202,0.0,34,@CBS
174,0.0,Sun Aug 05 23:10:20 +0000 2018,1.0,0.0,0.0,35,@CBS
175,0.6041,Sun Aug 05 23:05:58 +0000 2018,0.775,0.0,0.225,36,@CBS
176,0.3802,Sun Aug 05 23:01:25 +0000 2018,0.853,0.0,0.147,37,@CBS
177,-0.2057,Sun Aug 05 22:58:41 +0000 2018,0.917,0.083,0.0,38,@CBS
178,0.0,Sun Aug 05 22:58:36 +0000 2018,1.0,0.0,0.0,39,@CBS
179,-0.0572,Sun Aug 05 22:53:12 +0000 2018,0.936,0.064,0.0,40,@CBS
180,0.1384,Sun Aug 05 19:16:45 +0000 2018,0.823,0.079,0.098,41,@CBS
181,0.0,Sun Aug 05 19:15:53 +0000 2018,1.0,0.0,0.0,42,@CBS
182,0.4588,Sun Aug 05 18:54:24 +0000 2018,0.818,0.0,0.182,43,@CBS
183,0.0,Sun Aug 05 18:01:09 +0000 2018,1.0,0.0,0.0,44,@CBS
184,0.0,Sun Aug 05 17:55:07 +0000 2018,1.0,0.0,0.0,45,@CBS
185,0.0,Sun Aug 05 17:51:13 +0000 2018,1.0,0.0,0.0,46,@CBS
186,0.0,Sun Aug 05 17:47:01 +0000 2018,1.0,0.0,0.0,47,@CBS
187,-0.0018,Sun Aug 05 17:39:48 +0000 2018,0.853,0.074,0.073,48,@CBS
188,0.0,Sun Aug 05 17:28:37 +0000 2018,1.0,0.0,0.0,49,@CBS
189,-0.0602,Sun Aug 05 17:28:03 +0000 2018,0.599,0.219,0.182,50,@CBS
190,0.1761,Sun Aug 05 17:27:46 +0000 2018,0.735,0.105,0.16,51,@CBS
191,0.1027,Sun Aug 05 17:27:41 +0000 2018,0.767,0.11,0.123,52,@CBS
192,0.0498,Sun Aug 05 17:27:31 +0000 2018,0.746,0.123,0.13,53,@CBS
193,0.6114,Sun Aug 05 14:47:12 +0000 2018,0.818,0.0,0.182,54,@CBS
194,0.2263,Sat Aug 04 22:57:37 +0000 2018,0.917,0.0,0.083,55,@CBS
195,0.0,Sat Aug 04 00:24:55 +0000 2018,1.0,0.0,0.0,56,@CBS
196,0.6124,Fri Aug 03 22:34:08 +0000 2018,0.76,0.0,0.24,57,@CBS
197,0.9098,Tue Jul 31 21:02:33 +0000 2018,0.531,0.0,0.469,58,@CBS
198,0.34,Sat Jul 28 16:43:56 +0000 2018,0.876,0.0,0.124,59,@CBS
199,0.5707,Wed Jul 25 17:25:36 +0000 2018,0.813,0.0,0.187,60,@CBS
200,0.4019,Fri Jul 06 22:22:55 +0000 2018,0.847,0.0,0.153,61,@CBS
201,0.7777,Fri Jul 06 18:26:37 +0000 2018,0.657,0.0,0.343,62,@CBS
202,0.3612,Thu Jul 05 21:12:17 +0000 2018,0.898,0.0,0.102,63,@CBS
203,0.3182,Mon Jul 02 21:13:11 +0000 2018,0.892,0.0,0.108,64,@CBS
204,0.0,Mon Jul 02 20:47:32 +0000 2018,1.0,0.0,0.0,65,@CBS
205,0.0,Mon Jul 02 17:27:06 +0000 2018,1.0,0.0,0.0,66,@CBS
206,0.5411,Mon Jul 02 17:00:02 +0000 2018,0.741,0.0,0.259,67,@CBS
207,0.0,Wed Jun 27 20:31:32 +0000 2018,1.0,0.0,0.0,68,@CBS
208,0.7574,Wed Jun 27 14:00:01 +0000 2018,0.711,0.0,0.289,69,@CBS
209,0.5574,Mon Jun 25 18:20:25 +0000 2018,0.796,0.0,0.204,70,@CBS
210,0.1867,Fri Jun 22 21:19:06 +0000 2018,0.902,0.0,0.098,71,@CBS
211,0.4199,Fri Jun 22 18:33:53 +0000 2018,0.811,0.0,0.189,72,@CBS
212,0.4926,Thu Jun 21 23:29:50 +0000 2018,0.758,0.0,0.242,73,@CBS
213,0.3555,Wed Jun 20 00:39:01 +0000 2018,0.642,0.136,0.222,74,@CBS
214,0.0,Mon Jun 18 20:27:50 +0000 2018,1.0,0.0,0.0,75,@CBS
215,0.0,Mon Jun 18 15:00:46 +0000 2018,1.0,0.0,0.0,76,@CBS
216,0.9392,Sun Jun 17 13:00:01 +0000 2018,0.507,0.0,0.493,77,@CBS
217,0.3595,Fri Jun 15 18:48:29 +0000 2018,0.872,0.0,0.128,78,@CBS
218,-0.296,Thu Jun 14 17:30:00 +0000 2018,0.833,0.167,0.0,79,@CBS
219,0.1779,Thu Jun 14 16:19:32 +0000 2018,0.734,0.12,0.147,80,@CBS
220,0.4184,Sun Jun 10 15:00:01 +0000 2018,0.843,0.0,0.157,81,@CBS
221,0.5093,Sat Jun 09 21:00:02 +0000 2018,0.845,0.0,0.155,82,@CBS
222,0.0,Sat Jun 09 16:00:00 +0000 2018,1.0,0.0,0.0,83,@CBS
223,0.296,Fri Jun 08 19:46:17 +0000 2018,0.82,0.0,0.18,84,@CBS
224,0.0,Fri Jun 08 15:00:03 +0000 2018,1.0,0.0,0.0,85,@CBS
225,0.9078,Fri Jun 08 13:58:15 +0000 2018,0.564,0.0,0.436,86,@CBS
226,0.3612,Thu Jun 07 17:03:26 +0000 2018,0.872,0.0,0.128,87,@CBS
227,0.2732,Wed Jun 06 21:00:24 +0000 2018,0.719,0.105,0.176,88,@CBS
228,0.3595,Wed Jun 06 00:08:30 +0000 2018,0.872,0.0,0.128,89,@CBS
229,-0.4404,Tue Jun 05 22:23:35 +0000 2018,0.723,0.177,0.1,90,@CBS
230,0.4574,Tue Jun 05 22:12:28 +0000 2018,0.824,0.0,0.176,91,@CBS
231,0.5093,Tue Jun 05 19:00:02 +0000 2018,0.845,0.0,0.155,92,@CBS
232,0.0,Tue Jun 05 15:04:41 +0000 2018,1.0,0.0,0.0,93,@CBS
233,0.0,Mon Jun 04 17:00:00 +0000 2018,1.0,0.0,0.0,94,@CBS
234,-0.3903,Fri Jun 01 17:39:17 +0000 2018,0.807,0.131,0.062,95,@CBS
235,0.8442,Fri Jun 01 17:00:03 +0000 2018,0.664,0.0,0.336,96,@CBS
236,0.8932,Thu May 31 23:50:00 +0000 2018,0.545,0.0,0.455,97,@CBS
237,0.4926,Wed May 30 15:07:34 +0000 2018,0.849,0.0,0.151,98,@CBS
238,0.0,Mon May 28 21:00:01 +0000 2018,1.0,0.0,0.0,99,@CBS
239,0.0,Mon May 28 02:08:19 +0000 2018,1.0,0.0,0.0,100,@CBS
240,0.2714,Mon Apr 16 16:02:49 +0000 2018,0.806,0.071,0.123,101,@CBS
241,-0.296,Mon Apr 16 15:00:02 +0000 2018,0.833,0.167,0.0,102,@CBS
242,0.5719,Mon Apr 16 06:11:41 +0000 2018,0.821,0.0,0.179,103,@CBS
243,0.765,Mon Apr 16 06:00:00 +0000 2018,0.708,0.0,0.292,104,@CBS
244,0.0,Mon Apr 16 05:55:00 +0000 2018,1.0,0.0,0.0,105,@CBS
245,0.0,Mon Apr 16 05:30:00 +0000 2018,1.0,0.0,0.0,106,@CBS
246,0.636,Mon Apr 16 05:00:00 +0000 2018,0.682,0.0,0.318,107,@CBS
247,0.128,Mon Apr 16 05:00:00 +0000 2018,0.776,0.1,0.123,108,@CBS
248,0.5255,Mon Apr 16 03:56:42 +0000 2018,0.841,0.0,0.159,109,@CBS
249,0.8392,Mon Apr 16 03:06:10 +0000 2018,0.437,0.123,0.44,110,@CBS
250,0.4389,Mon Apr 16 03:02:50 +0000 2018,0.792,0.0,0.208,111,@CBS
251,0.8268,Mon Apr 16 03:00:10 +0000 2018,0.648,0.0,0.352,112,@CBS
252,0.0,Mon Apr 16 02:58:55 +0000 2018,1.0,0.0,0.0,113,@CBS
253,0.8687,Mon Apr 16 02:57:41 +0000 2018,0.605,0.0,0.395,114,@CBS
254,0.7152,Mon Apr 16 02:35:58 +0000 2018,0.626,0.0,0.374,115,@CBS
255,0.0,Mon Apr 16 02:26:16 +0000 2018,1.0,0.0,0.0,116,@CBS
256,0.5106,Mon Apr 16 02:22:40 +0000 2018,0.798,0.0,0.202,117,@CBS
257,0.8877,Mon Apr 16 02:12:19 +0000 2018,0.512,0.0,0.488,118,@CBS
258,0.0,Mon Apr 16 02:10:19 +0000 2018,1.0,0.0,0.0,119,@CBS
259,0.7027,Mon Apr 16 02:10:11 +0000 2018,0.744,0.0,0.256,120,@CBS
260,0.0,Fri Apr 06 13:45:00 +0000 2018,1.0,0.0,0.0,121,@CBS
261,0.5859,Thu Apr 05 21:44:00 +0000 2018,0.806,0.0,0.194,122,@CBS
262,0.6597,Thu Apr 05 19:07:48 +0000 2018,0.759,0.0,0.241,123,@CBS
263,-0.3875,Thu Apr 05 17:00:00 +0000 2018,0.769,0.157,0.074,124,@CBS
264,0.807,Wed Apr 04 22:07:01 +0000 2018,0.687,0.0,0.313,125,@CBS
265,0.7568,Wed Apr 04 21:48:07 +0000 2018,0.712,0.0,0.288,126,@CBS
266,0.8495,Wed Apr 04 21:47:26 +0000 2018,0.634,0.0,0.366,127,@CBS
267,0.4926,Wed Apr 04 21:46:13 +0000 2018,0.803,0.0,0.197,128,@CBS
268,-0.3182,Wed Apr 04 21:44:17 +0000 2018,0.905,0.095,0.0,129,@CBS
269,-0.25,Wed Apr 04 18:02:13 +0000 2018,0.867,0.133,0.0,130,@CBS
270,0.0,Tue Apr 03 23:00:00 +0000 2018,1.0,0.0,0.0,131,@CBS
271,0.0,Tue Apr 03 21:00:02 +0000 2018,1.0,0.0,0.0,132,@CBS
272,0.7096,Tue Apr 03 18:00:00 +0000 2018,0.742,0.0,0.258,133,@CBS
273,0.7906,Tue Apr 03 05:17:01 +0000 2018,0.579,0.0,0.421,134,@CBS
274,0.1513,Mon Apr 02 17:30:00 +0000 2018,0.792,0.092,0.116,135,@CBS
275,0.6486,Sun Apr 01 17:00:03 +0000 2018,0.798,0.0,0.202,136,@CBS
276,0.0,Sat Mar 31 18:00:00 +0000 2018,1.0,0.0,0.0,137,@CBS
277,0.4199,Sat Mar 31 15:30:00 +0000 2018,0.887,0.0,0.113,138,@CBS
278,0.4926,Fri Mar 30 16:50:00 +0000 2018,0.873,0.0,0.127,139,@CBS
279,0.0,Thu Mar 29 17:32:40 +0000 2018,1.0,0.0,0.0,140,@CBS
280,0.7184,Sun Sep 02 22:00:11 +0000 2018,0.7,0.0,0.3,1,@CNN
281,0.0,Sun Sep 02 21:45:04 +0000 2018,1.0,0.0,0.0,2,@CNN
282,0.2846,Sun Sep 02 21:30:13 +0000 2018,0.893,0.0,0.107,3,@CNN
283,0.0,Sun Sep 02 21:15:07 +0000 2018,1.0,0.0,0.0,4,@CNN
284,0.8481,Sun Sep 02 21:00:05 +0000 2018,0.586,0.0,0.414,5,@CNN
285,0.34,Sun Sep 02 20:45:08 +0000 2018,0.667,0.133,0.2,6,@CNN
286,-0.296,Sun Sep 02 20:30:12 +0000 2018,0.845,0.155,0.0,7,@CNN
287,-0.7783,Sun Sep 02 20:15:04 +0000 2018,0.595,0.405,0.0,8,@CNN
288,0.5267,Sun Sep 02 20:00:11 +0000 2018,0.841,0.0,0.159,9,@CNN
289,-0.6597,Sun Sep 02 19:45:05 +0000 2018,0.649,0.351,0.0,10,@CNN
290,0.3612,Sun Sep 02 19:30:03 +0000 2018,0.872,0.0,0.128,11,@CNN
291,0.34,Sun Sep 02 19:15:38 +0000 2018,0.893,0.0,0.107,12,@CNN
292,-0.802,Sun Sep 02 19:00:11 +0000 2018,0.526,0.474,0.0,13,@CNN
293,-0.7506,Sun Sep 02 18:45:07 +0000 2018,0.575,0.425,0.0,14,@CNN
294,-0.4767,Sun Sep 02 18:30:04 +0000 2018,0.838,0.162,0.0,15,@CNN
295,0.0,Sun Sep 02 18:15:12 +0000 2018,1.0,0.0,0.0,16,@CNN
296,-0.5994,Sun Sep 02 18:00:12 +0000 2018,0.794,0.206,0.0,17,@CNN
297,-0.5859,Sun Sep 02 17:45:07 +0000 2018,0.745,0.255,0.0,18,@CNN
298,0.872,Sun Sep 02 17:30:06 +0000 2018,0.526,0.0,0.474,19,@CNN
299,-0.7351,Sun Sep 02 17:15:08 +0000 2018,0.721,0.279,0.0,20,@CNN
300,0.0,Sun Sep 02 17:00:10 +0000 2018,1.0,0.0,0.0,21,@CNN
301,-0.6249,Sun Sep 02 16:45:07 +0000 2018,0.687,0.313,0.0,22,@CNN
302,-0.7188,Sun Sep 02 16:30:05 +0000 2018,0.483,0.347,0.171,23,@CNN
303,0.0772,Sun Sep 02 16:15:04 +0000 2018,0.699,0.14,0.161,24,@CNN
304,0.1779,Sun Sep 02 16:00:07 +0000 2018,0.922,0.0,0.078,25,@CNN
305,-0.6486,Sun Sep 02 15:45:13 +0000 2018,0.699,0.301,0.0,26,@CNN
306,-0.4404,Sun Sep 02 15:30:06 +0000 2018,0.861,0.139,0.0,27,@CNN
307,-0.6124,Sun Sep 02 15:23:35 +0000 2018,0.75,0.25,0.0,28,@CNN
308,0.0,Sun Sep 02 15:00:02 +0000 2018,1.0,0.0,0.0,29,@CNN
309,0.0,Sun Sep 02 14:01:07 +0000 2018,1.0,0.0,0.0,30,@CNN
310,0.5574,Sun Sep 02 13:56:53 +0000 2018,0.841,0.0,0.159,31,@CNN
311,0.6113,Sun Sep 02 13:50:18 +0000 2018,0.846,0.0,0.154,32,@CNN
312,-0.872,Sun Sep 02 13:45:08 +0000 2018,0.602,0.398,0.0,33,@CNN
313,-0.1779,Sun Sep 02 13:41:07 +0000 2018,0.728,0.149,0.123,34,@CNN
314,-0.1027,Sun Sep 02 13:31:00 +0000 2018,0.935,0.065,0.0,35,@CNN
315,0.0,Sun Sep 02 13:21:18 +0000 2018,1.0,0.0,0.0,36,@CNN
316,0.3818,Sun Sep 02 13:18:31 +0000 2018,0.841,0.0,0.159,37,@CNN
317,-0.3182,Sun Sep 02 13:01:04 +0000 2018,0.881,0.119,0.0,38,@CNN
318,0.4927,Sun Sep 02 12:31:00 +0000 2018,0.849,0.0,0.151,39,@CNN
319,0.0,Sun Sep 02 12:26:57 +0000 2018,1.0,0.0,0.0,40,@CNN
320,-0.6705,Sun Sep 02 03:00:12 +0000 2018,0.816,0.184,0.0,41,@CNN
321,0.0,Sun Sep 02 02:30:10 +0000 2018,1.0,0.0,0.0,42,@CNN
322,-0.8316,Sun Sep 02 02:00:09 +0000 2018,0.536,0.464,0.0,43,@CNN
323,0.0,Sun Sep 02 01:30:12 +0000 2018,1.0,0.0,0.0,44,@CNN
324,0.0,Sun Sep 02 01:00:06 +0000 2018,1.0,0.0,0.0,45,@CNN
325,0.0,Sun Sep 02 00:30:13 +0000 2018,1.0,0.0,0.0,46,@CNN
326,0.5859,Sun Sep 02 00:00:07 +0000 2018,0.743,0.0,0.257,47,@CNN
327,0.0,Sat Sep 01 23:30:04 +0000 2018,1.0,0.0,0.0,48,@CNN
328,0.0,Sat Sep 01 23:00:07 +0000 2018,1.0,0.0,0.0,49,@CNN
329,0.5574,Sat Sep 01 22:45:05 +0000 2018,0.833,0.0,0.167,50,@CNN
330,0.6705,Sat Sep 01 22:30:13 +0000 2018,0.766,0.0,0.234,51,@CNN
331,0.0,Sat Sep 01 22:15:10 +0000 2018,1.0,0.0,0.0,52,@CNN
332,0.765,Sat Sep 01 22:00:04 +0000 2018,0.625,0.0,0.375,53,@CNN
333,-0.4939,Sat Sep 01 21:45:08 +0000 2018,0.652,0.348,0.0,54,@CNN
334,-0.3818,Sat Sep 01 21:30:08 +0000 2018,0.755,0.245,0.0,55,@CNN
335,0.296,Sat Sep 01 21:15:05 +0000 2018,0.625,0.15,0.225,56,@CNN
336,-0.5256,Sat Sep 01 21:00:07 +0000 2018,0.793,0.207,0.0,57,@CNN
337,0.4404,Sat Sep 01 20:45:08 +0000 2018,0.775,0.0,0.225,58,@CNN
338,-0.3612,Sat Sep 01 20:30:09 +0000 2018,0.737,0.263,0.0,59,@CNN
339,0.0,Sat Sep 01 20:15:09 +0000 2018,1.0,0.0,0.0,60,@CNN
340,-0.1027,Sat Sep 01 12:31:00 +0000 2018,0.935,0.065,0.0,61,@CNN
341,0.3182,Sat Sep 01 12:16:05 +0000 2018,0.596,0.153,0.251,62,@CNN
342,0.0,Sat Sep 01 12:01:02 +0000 2018,1.0,0.0,0.0,63,@CNN
343,-0.4215,Sat Sep 01 11:51:07 +0000 2018,0.708,0.186,0.106,64,@CNN
344,0.4391,Sat Sep 01 11:31:00 +0000 2018,0.862,0.0,0.138,65,@CNN
345,-0.3182,Sat Sep 01 11:01:05 +0000 2018,0.881,0.119,0.0,66,@CNN
346,0.0,Sat Sep 01 10:31:00 +0000 2018,1.0,0.0,0.0,67,@CNN
347,-0.5267,Sat Sep 01 10:01:06 +0000 2018,0.825,0.175,0.0,68,@CNN
348,-0.7184,Sat Sep 01 09:31:00 +0000 2018,0.727,0.273,0.0,69,@CNN
349,0.0,Sat Sep 01 09:01:09 +0000 2018,1.0,0.0,0.0,70,@CNN
350,-0.128,Sat Sep 01 08:31:00 +0000 2018,0.758,0.133,0.109,71,@CNN
351,0.0,Sat Sep 01 08:01:07 +0000 2018,1.0,0.0,0.0,72,@CNN
352,-0.3182,Sat Sep 01 07:37:12 +0000 2018,0.859,0.141,0.0,73,@CNN
353,0.7906,Sat Sep 01 07:31:00 +0000 2018,0.72,0.0,0.28,74,@CNN
354,-0.5563,Sat Sep 01 07:01:02 +0000 2018,0.841,0.159,0.0,75,@CNN
355,0.25,Sat Sep 01 06:46:08 +0000 2018,0.909,0.0,0.091,76,@CNN
356,0.0,Sat Sep 01 06:31:00 +0000 2018,1.0,0.0,0.0,77,@CNN
357,0.0,Sat Sep 01 06:16:05 +0000 2018,1.0,0.0,0.0,78,@CNN
358,-0.5719,Sat Sep 01 06:01:04 +0000 2018,0.681,0.238,0.081,79,@CNN
359,0.0,Sat Sep 01 05:46:06 +0000 2018,1.0,0.0,0.0,80,@CNN
360,-0.2263,Fri Aug 31 22:16:56 +0000 2018,0.909,0.091,0.0,81,@CNN
361,0.0,Fri Aug 31 22:04:07 +0000 2018,1.0,0.0,0.0,82,@CNN
362,-0.1531,Fri Aug 31 21:58:58 +0000 2018,0.929,0.071,0.0,83,@CNN
363,-0.3612,Fri Aug 31 21:55:39 +0000 2018,0.857,0.143,0.0,84,@CNN
364,0.8807,Fri Aug 31 21:49:08 +0000 2018,0.579,0.0,0.421,85,@CNN
365,0.0,Fri Aug 31 21:46:10 +0000 2018,1.0,0.0,0.0,86,@CNN
366,0.0,Fri Aug 31 21:32:02 +0000 2018,1.0,0.0,0.0,87,@CNN
367,0.0,Fri Aug 31 21:28:32 +0000 2018,1.0,0.0,0.0,88,@CNN
368,-0.6486,Fri Aug 31 21:22:50 +0000 2018,0.694,0.306,0.0,89,@CNN
369,0.0,Fri Aug 31 21:08:16 +0000 2018,1.0,0.0,0.0,90,@CNN
370,-0.4449,Fri Aug 31 20:58:48 +0000 2018,0.816,0.184,0.0,91,@CNN
371,0.0,Fri Aug 31 20:55:19 +0000 2018,1.0,0.0,0.0,92,@CNN
372,0.128,Fri Aug 31 20:42:10 +0000 2018,0.919,0.0,0.081,93,@CNN
373,0.8074,Fri Aug 31 20:39:17 +0000 2018,0.774,0.0,0.226,94,@CNN
374,0.0,Fri Aug 31 20:38:44 +0000 2018,1.0,0.0,0.0,95,@CNN
375,-0.4939,Fri Aug 31 20:31:49 +0000 2018,0.82,0.135,0.045,96,@CNN
376,0.6705,Fri Aug 31 20:20:54 +0000 2018,0.744,0.0,0.256,97,@CNN
377,0.0,Fri Aug 31 20:16:00 +0000 2018,1.0,0.0,0.0,98,@CNN
378,-0.0516,Fri Aug 31 20:13:18 +0000 2018,0.954,0.046,0.0,99,@CNN
379,0.0,Fri Aug 31 20:12:39 +0000 2018,1.0,0.0,0.0,100,@CNN
380,0.0,Fri Aug 31 07:41:07 +0000 2018,1.0,0.0,0.0,101,@CNN
381,0.0,Fri Aug 31 07:31:00 +0000 2018,1.0,0.0,0.0,102,@CNN
382,0.3818,Fri Aug 31 07:27:01 +0000 2018,0.86,0.0,0.14,103,@CNN
383,0.0,Fri Aug 31 07:17:04 +0000 2018,1.0,0.0,0.0,104,@CNN
384,-0.4588,Fri Aug 31 07:08:07 +0000 2018,0.857,0.143,0.0,105,@CNN
385,-0.2732,Fri Aug 31 07:02:15 +0000 2018,0.84,0.16,0.0,106,@CNN
386,-0.1027,Fri Aug 31 07:01:00 +0000 2018,0.935,0.065,0.0,107,@CNN
387,-0.5267,Fri Aug 31 06:51:14 +0000 2018,0.784,0.216,0.0,108,@CNN
388,-0.7184,Fri Aug 31 06:31:00 +0000 2018,0.727,0.273,0.0,109,@CNN
389,-0.3612,Fri Aug 31 06:16:05 +0000 2018,0.865,0.135,0.0,110,@CNN
390,0.0,Fri Aug 31 06:01:00 +0000 2018,1.0,0.0,0.0,111,@CNN
391,-0.1531,Fri Aug 31 05:46:06 +0000 2018,0.904,0.096,0.0,112,@CNN
392,0.0,Fri Aug 31 05:41:07 +0000 2018,1.0,0.0,0.0,113,@CNN
393,0.0,Fri Aug 31 05:31:04 +0000 2018,1.0,0.0,0.0,114,@CNN
394,-0.5719,Fri Aug 31 05:16:06 +0000 2018,0.681,0.238,0.081,115,@CNN
395,0.0,Fri Aug 31 05:01:00 +0000 2018,1.0,0.0,0.0,116,@CNN
396,0.4939,Fri Aug 31 04:46:07 +0000 2018,0.814,0.0,0.186,117,@CNN
397,0.0,Fri Aug 31 04:31:06 +0000 2018,1.0,0.0,0.0,118,@CNN
398,0.4939,Fri Aug 31 04:16:05 +0000 2018,0.824,0.0,0.176,119,@CNN
399,0.6369,Fri Aug 31 04:00:00 +0000 2018,0.833,0.0,0.167,120,@CNN
400,0.0,Thu Aug 30 15:49:35 +0000 2018,1.0,0.0,0.0,121,@CNN
401,-0.6908,Thu Aug 30 15:40:05 +0000 2018,0.659,0.341,0.0,122,@CNN
402,-0.872,Thu Aug 30 15:30:09 +0000 2018,0.645,0.355,0.0,123,@CNN
403,0.0,Thu Aug 30 15:25:12 +0000 2018,1.0,0.0,0.0,124,@CNN
404,0.0,Thu Aug 30 15:20:08 +0000 2018,1.0,0.0,0.0,125,@CNN
405,-0.25,Thu Aug 30 15:10:05 +0000 2018,0.64,0.209,0.151,126,@CNN
406,-0.0516,Thu Aug 30 15:00:08 +0000 2018,0.739,0.135,0.126,127,@CNN
407,-0.4215,Thu Aug 30 14:50:03 +0000 2018,0.877,0.123,0.0,128,@CNN
408,0.6369,Thu Aug 30 14:40:00 +0000 2018,0.833,0.0,0.167,129,@CNN
409,-0.5574,Thu Aug 30 14:30:07 +0000 2018,0.426,0.357,0.217,130,@CNN
410,0.4829,Thu Aug 30 14:20:07 +0000 2018,0.795,0.0,0.205,131,@CNN
411,-0.1027,Thu Aug 30 14:10:10 +0000 2018,0.748,0.112,0.14,132,@CNN
412,0.1761,Thu Aug 30 14:10:08 +0000 2018,0.766,0.102,0.132,133,@CNN
413,-0.8402,Thu Aug 30 14:00:12 +0000 2018,0.654,0.346,0.0,134,@CNN
414,0.0,Thu Aug 30 13:55:05 +0000 2018,1.0,0.0,0.0,135,@CNN
415,0.5106,Thu Aug 30 13:45:56 +0000 2018,0.852,0.0,0.148,136,@CNN
416,0.1779,Thu Aug 30 13:32:03 +0000 2018,0.876,0.0,0.124,137,@CNN
417,0.0772,Thu Aug 30 13:30:00 +0000 2018,0.788,0.1,0.112,138,@CNN
418,0.6369,Thu Aug 30 13:21:42 +0000 2018,0.704,0.0,0.296,139,@CNN
419,0.0,Thu Aug 30 13:10:12 +0000 2018,1.0,0.0,0.0,140,@CNN
420,-0.5994,Sun Sep 02 22:05:00 +0000 2018,0.588,0.412,0.0,1,@FoxNews
421,0.5994,Sun Sep 02 22:02:00 +0000 2018,0.726,0.0,0.274,2,@FoxNews
422,-0.6597,Sun Sep 02 22:00:34 +0000 2018,0.625,0.375,0.0,3,@FoxNews
423,0.4939,Sun Sep 02 21:54:15 +0000 2018,0.758,0.0,0.242,4,@FoxNews
424,-0.3182,Sun Sep 02 21:41:01 +0000 2018,0.859,0.141,0.0,5,@FoxNews
425,0.0,Sun Sep 02 21:32:13 +0000 2018,1.0,0.0,0.0,6,@FoxNews
426,0.0,Sun Sep 02 21:27:00 +0000 2018,1.0,0.0,0.0,7,@FoxNews
427,-0.7579,Sun Sep 02 21:22:00 +0000 2018,0.606,0.394,0.0,8,@FoxNews
428,0.0,Sun Sep 02 21:16:08 +0000 2018,1.0,0.0,0.0,9,@FoxNews
429,-0.743,Sun Sep 02 21:06:15 +0000 2018,0.751,0.249,0.0,10,@FoxNews
430,-0.4404,Sun Sep 02 21:01:00 +0000 2018,0.847,0.153,0.0,11,@FoxNews
431,-0.4767,Sun Sep 02 20:53:31 +0000 2018,0.823,0.177,0.0,12,@FoxNews
432,0.0,Sun Sep 02 20:45:00 +0000 2018,1.0,0.0,0.0,13,@FoxNews
433,0.4767,Sun Sep 02 20:38:00 +0000 2018,0.617,0.0,0.383,14,@FoxNews
434,0.8464,Sun Sep 02 20:37:17 +0000 2018,0.605,0.0,0.395,15,@FoxNews
435,-0.802,Sun Sep 02 20:36:59 +0000 2018,0.526,0.474,0.0,16,@FoxNews
436,0.0,Sun Sep 02 20:30:00 +0000 2018,1.0,0.0,0.0,17,@FoxNews
437,-0.4391,Sun Sep 02 20:29:48 +0000 2018,0.806,0.194,0.0,18,@FoxNews
438,-0.2732,Sun Sep 02 20:27:12 +0000 2018,0.795,0.205,0.0,19,@FoxNews
439,0.0,Sun Sep 02 20:24:54 +0000 2018,1.0,0.0,0.0,20,@FoxNews
440,-0.5574,Sun Sep 02 20:22:07 +0000 2018,0.777,0.223,0.0,21,@FoxNews
441,0.6249,Sun Sep 02 20:20:36 +0000 2018,0.728,0.0,0.272,22,@FoxNews
442,-0.4939,Sun Sep 02 20:14:33 +0000 2018,0.724,0.276,0.0,23,@FoxNews
443,0.2263,Sun Sep 02 20:10:08 +0000 2018,0.909,0.0,0.091,24,@FoxNews
444,0.0,Sun Sep 02 20:02:52 +0000 2018,1.0,0.0,0.0,25,@FoxNews
445,0.0,Sun Sep 02 19:56:00 +0000 2018,1.0,0.0,0.0,26,@FoxNews
446,-0.3818,Sun Sep 02 19:55:38 +0000 2018,0.822,0.178,0.0,27,@FoxNews
447,-0.0516,Sun Sep 02 19:52:08 +0000 2018,0.694,0.16,0.146,28,@FoxNews
448,-0.3089,Sun Sep 02 19:44:47 +0000 2018,0.907,0.093,0.0,29,@FoxNews
449,-0.34,Sun Sep 02 19:35:52 +0000 2018,0.821,0.179,0.0,30,@FoxNews
450,0.0,Sun Sep 02 19:35:29 +0000 2018,1.0,0.0,0.0,31,@FoxNews
451,0.8519,Sun Sep 02 19:35:15 +0000 2018,0.659,0.0,0.341,32,@FoxNews
452,-0.34,Sun Sep 02 19:28:50 +0000 2018,0.854,0.146,0.0,33,@FoxNews
453,-0.6705,Sun Sep 02 19:25:00 +0000 2018,0.718,0.282,0.0,34,@FoxNews
454,0.4215,Sun Sep 02 19:21:14 +0000 2018,0.859,0.0,0.141,35,@FoxNews
455,-0.6705,Sun Sep 02 19:20:58 +0000 2018,0.621,0.379,0.0,36,@FoxNews
456,0.2023,Sun Sep 02 19:16:00 +0000 2018,0.913,0.0,0.087,37,@FoxNews
457,0.3612,Sun Sep 02 19:09:05 +0000 2018,0.706,0.0,0.294,38,@FoxNews
458,0.0772,Sun Sep 02 19:06:16 +0000 2018,0.942,0.0,0.058,39,@FoxNews
459,0.0,Sun Sep 02 19:01:06 +0000 2018,1.0,0.0,0.0,40,@FoxNews
460,-0.3089,Sun Sep 02 17:33:00 +0000 2018,0.907,0.093,0.0,41,@FoxNews
461,-0.4468,Sun Sep 02 17:28:39 +0000 2018,0.675,0.239,0.086,42,@FoxNews
462,0.0,Sun Sep 02 17:26:04 +0000 2018,1.0,0.0,0.0,43,@FoxNews
463,0.0,Sun Sep 02 17:19:27 +0000 2018,1.0,0.0,0.0,44,@FoxNews
464,0.7783,Sun Sep 02 17:15:00 +0000 2018,0.657,0.0,0.343,45,@FoxNews
465,0.4767,Sun Sep 02 17:09:16 +0000 2018,0.617,0.0,0.383,46,@FoxNews
466,-0.6705,Sun Sep 02 17:07:13 +0000 2018,0.718,0.282,0.0,47,@FoxNews
467,0.5267,Sun Sep 02 17:01:55 +0000 2018,0.805,0.0,0.195,48,@FoxNews
468,0.4466,Sun Sep 02 16:59:06 +0000 2018,0.789,0.0,0.211,49,@FoxNews
469,0.2716,Sun Sep 02 16:59:00 +0000 2018,0.89,0.0,0.11,50,@FoxNews
470,-0.296,Sun Sep 02 16:52:03 +0000 2018,0.891,0.109,0.0,51,@FoxNews
471,0.4939,Sun Sep 02 16:47:41 +0000 2018,0.814,0.0,0.186,52,@FoxNews
472,-0.5106,Sun Sep 02 16:33:00 +0000 2018,0.829,0.171,0.0,53,@FoxNews
473,-0.8176,Sun Sep 02 16:32:28 +0000 2018,0.452,0.548,0.0,54,@FoxNews
474,0.0,Sun Sep 02 16:21:27 +0000 2018,1.0,0.0,0.0,55,@FoxNews
475,0.6124,Sun Sep 02 16:07:09 +0000 2018,0.737,0.0,0.263,56,@FoxNews
476,-0.8481,Sun Sep 02 15:58:43 +0000 2018,0.594,0.406,0.0,57,@FoxNews
477,0.0,Sun Sep 02 15:49:47 +0000 2018,1.0,0.0,0.0,58,@FoxNews
478,0.0,Sun Sep 02 15:41:22 +0000 2018,1.0,0.0,0.0,59,@FoxNews
479,0.0,Sun Sep 02 15:29:10 +0000 2018,1.0,0.0,0.0,60,@FoxNews
480,0.0,Sun Sep 02 12:00:00 +0000 2018,1.0,0.0,0.0,61,@FoxNews
481,0.6115,Sun Sep 02 11:55:00 +0000 2018,0.723,0.0,0.277,62,@FoxNews
482,0.0,Sun Sep 02 11:50:00 +0000 2018,1.0,0.0,0.0,63,@FoxNews
483,0.4939,Sun Sep 02 11:45:00 +0000 2018,0.714,0.0,0.286,64,@FoxNews
484,0.4019,Sun Sep 02 11:35:00 +0000 2018,0.847,0.0,0.153,65,@FoxNews
485,0.5106,Sun Sep 02 11:26:25 +0000 2018,0.788,0.0,0.212,66,@FoxNews
486,0.0,Sun Sep 02 11:20:00 +0000 2018,1.0,0.0,0.0,67,@FoxNews
487,0.5859,Sun Sep 02 11:19:13 +0000 2018,0.769,0.0,0.231,68,@FoxNews
488,-0.8225,Sun Sep 02 11:15:00 +0000 2018,0.631,0.369,0.0,69,@FoxNews
489,0.2263,Sun Sep 02 11:00:01 +0000 2018,0.909,0.0,0.091,70,@FoxNews
490,0.0,Sun Sep 02 10:45:00 +0000 2018,1.0,0.0,0.0,71,@FoxNews
491,0.0,Sun Sep 02 10:35:00 +0000 2018,1.0,0.0,0.0,72,@FoxNews
492,0.0,Sun Sep 02 10:25:00 +0000 2018,1.0,0.0,0.0,73,@FoxNews
493,-0.3612,Sun Sep 02 10:15:00 +0000 2018,0.783,0.217,0.0,74,@FoxNews
494,0.3252,Sun Sep 02 09:45:00 +0000 2018,0.848,0.0,0.152,75,@FoxNews
495,-0.4215,Sun Sep 02 09:30:00 +0000 2018,0.797,0.203,0.0,76,@FoxNews
496,-0.6124,Sun Sep 02 09:08:00 +0000 2018,0.688,0.312,0.0,77,@FoxNews
497,0.4939,Sun Sep 02 09:00:00 +0000 2018,0.849,0.0,0.151,78,@FoxNews
498,0.0,Sun Sep 02 08:53:00 +0000 2018,1.0,0.0,0.0,79,@FoxNews
499,0.4404,Sun Sep 02 08:45:00 +0000 2018,0.741,0.091,0.169,80,@FoxNews
500,0.2846,Sun Sep 02 01:40:00 +0000 2018,0.674,0.118,0.208,81,@FoxNews
501,0.3818,Sun Sep 02 01:32:00 +0000 2018,0.663,0.128,0.209,82,@FoxNews
502,0.0,Sun Sep 02 01:24:00 +0000 2018,0.688,0.156,0.156,83,@FoxNews
503,-0.6486,Sun Sep 02 01:15:51 +0000 2018,0.481,0.316,0.203,84,@FoxNews
504,0.0,Sun Sep 02 01:08:42 +0000 2018,1.0,0.0,0.0,85,@FoxNews
505,0.128,Sun Sep 02 01:03:00 +0000 2018,0.919,0.0,0.081,86,@FoxNews
506,-0.4767,Sun Sep 02 00:45:13 +0000 2018,0.795,0.205,0.0,87,@FoxNews
507,-0.7269,Sun Sep 02 00:35:37 +0000 2018,0.747,0.253,0.0,88,@FoxNews
508,0.0,Sun Sep 02 00:29:00 +0000 2018,1.0,0.0,0.0,89,@FoxNews
509,-0.3818,Sun Sep 02 00:24:00 +0000 2018,0.755,0.245,0.0,90,@FoxNews
510,0.2732,Sun Sep 02 00:18:44 +0000 2018,0.48,0.176,0.344,91,@FoxNews
511,0.0,Sun Sep 02 00:05:08 +0000 2018,1.0,0.0,0.0,92,@FoxNews
512,0.7269,Sat Sep 01 23:59:35 +0000 2018,0.663,0.0,0.337,93,@FoxNews
513,-0.8225,Sat Sep 01 23:50:00 +0000 2018,0.631,0.369,0.0,94,@FoxNews
514,0.0,Sat Sep 01 23:42:21 +0000 2018,1.0,0.0,0.0,95,@FoxNews
515,0.0,Sat Sep 01 23:32:30 +0000 2018,1.0,0.0,0.0,96,@FoxNews
516,0.128,Sat Sep 01 23:27:00 +0000 2018,0.909,0.0,0.091,97,@FoxNews
517,-0.4404,Sat Sep 01 23:25:12 +0000 2018,0.734,0.266,0.0,98,@FoxNews
518,0.4019,Sat Sep 01 23:20:51 +0000 2018,0.769,0.0,0.231,99,@FoxNews
519,0.0,Sat Sep 01 23:17:57 +0000 2018,1.0,0.0,0.0,100,@FoxNews
520,0.6599,Sat Sep 01 19:23:55 +0000 2018,0.795,0.0,0.205,101,@FoxNews
521,0.0,Sat Sep 01 19:20:25 +0000 2018,1.0,0.0,0.0,102,@FoxNews
522,0.7269,Sat Sep 01 19:19:28 +0000 2018,0.663,0.0,0.337,103,@FoxNews
523,0.0,Sat Sep 01 19:19:04 +0000 2018,1.0,0.0,0.0,104,@FoxNews
524,0.4588,Sat Sep 01 19:18:33 +0000 2018,0.8,0.0,0.2,105,@FoxNews
525,0.8519,Sat Sep 01 19:13:58 +0000 2018,0.659,0.0,0.341,106,@FoxNews
526,0.0,Sat Sep 01 19:13:28 +0000 2018,1.0,0.0,0.0,107,@FoxNews
527,0.0,Sat Sep 01 19:10:06 +0000 2018,1.0,0.0,0.0,108,@FoxNews
528,-0.3182,Sat Sep 01 19:04:39 +0000 2018,0.85,0.15,0.0,109,@FoxNews
529,0.4019,Sat Sep 01 19:04:28 +0000 2018,0.847,0.0,0.153,110,@FoxNews
530,-0.5574,Sat Sep 01 18:59:36 +0000 2018,0.795,0.205,0.0,111,@FoxNews
531,0.0,Sat Sep 01 18:44:08 +0000 2018,0.688,0.156,0.156,112,@FoxNews
532,-0.5423,Sat Sep 01 18:43:41 +0000 2018,0.488,0.341,0.171,113,@FoxNews
533,0.2846,Sat Sep 01 18:38:47 +0000 2018,0.674,0.118,0.208,114,@FoxNews
534,-0.6369,Sat Sep 01 18:32:22 +0000 2018,0.826,0.174,0.0,115,@FoxNews
535,0.4019,Sat Sep 01 18:31:32 +0000 2018,0.769,0.0,0.231,116,@FoxNews
536,0.0,Sat Sep 01 18:30:02 +0000 2018,1.0,0.0,0.0,117,@FoxNews
537,0.4404,Sat Sep 01 18:23:01 +0000 2018,0.847,0.0,0.153,118,@FoxNews
538,0.4404,Sat Sep 01 18:21:03 +0000 2018,0.741,0.091,0.169,119,@FoxNews
539,0.0,Sat Sep 01 18:15:00 +0000 2018,1.0,0.0,0.0,120,@FoxNews
540,0.8883,Sat Sep 01 14:26:05 +0000 2018,0.644,0.0,0.356,121,@FoxNews
541,-0.6808,Sat Sep 01 14:24:58 +0000 2018,0.805,0.195,0.0,122,@FoxNews
542,0.8519,Sat Sep 01 14:24:08 +0000 2018,0.491,0.0,0.509,123,@FoxNews
543,0.0,Sat Sep 01 14:23:37 +0000 2018,1.0,0.0,0.0,124,@FoxNews
544,0.3182,Sat Sep 01 14:23:07 +0000 2018,0.723,0.112,0.165,125,@FoxNews
545,0.0,Sat Sep 01 14:21:52 +0000 2018,1.0,0.0,0.0,126,@FoxNews
546,-0.4588,Sat Sep 01 14:20:07 +0000 2018,0.875,0.125,0.0,127,@FoxNews
547,0.0,Sat Sep 01 14:17:38 +0000 2018,1.0,0.0,0.0,128,@FoxNews
548,0.0,Sat Sep 01 14:15:49 +0000 2018,1.0,0.0,0.0,129,@FoxNews
549,0.0,Sat Sep 01 14:12:39 +0000 2018,1.0,0.0,0.0,130,@FoxNews
550,0.0,Sat Sep 01 14:12:16 +0000 2018,1.0,0.0,0.0,131,@FoxNews
551,0.0,Sat Sep 01 14:05:08 +0000 2018,1.0,0.0,0.0,132,@FoxNews
552,0.0,Sat Sep 01 14:02:57 +0000 2018,1.0,0.0,0.0,133,@FoxNews
553,0.5719,Sat Sep 01 14:02:25 +0000 2018,0.821,0.0,0.179,134,@FoxNews
554,0.0,Sat Sep 01 14:02:10 +0000 2018,1.0,0.0,0.0,135,@FoxNews
555,0.0,Sat Sep 01 13:55:23 +0000 2018,1.0,0.0,0.0,136,@FoxNews
556,0.0,Sat Sep 01 13:51:06 +0000 2018,1.0,0.0,0.0,137,@FoxNews
557,0.0,Sat Sep 01 13:45:58 +0000 2018,1.0,0.0,0.0,138,@FoxNews
558,0.0,Sat Sep 01 13:30:46 +0000 2018,1.0,0.0,0.0,139,@FoxNews
559,0.0,Sat Sep 01 13:10:48 +0000 2018,1.0,0.0,0.0,140,@FoxNews
560,0.4939,Sun Sep 02 21:47:47 +0000 2018,0.849,0.0,0.151,1,@nytimes
561,0.9371,Sun Sep 02 21:32:15 +0000 2018,0.526,0.0,0.474,2,@nytimes
562,0.5106,Sun Sep 02 21:15:10 +0000 2018,0.883,0.0,0.117,3,@nytimes
563,0.0,Sun Sep 02 21:00:07 +0000 2018,1.0,0.0,0.0,4,@nytimes
564,0.3818,Sun Sep 02 20:45:09 +0000 2018,0.885,0.0,0.115,5,@nytimes
565,0.0,Sun Sep 02 20:31:45 +0000 2018,1.0,0.0,0.0,6,@nytimes
566,-0.296,Sun Sep 02 20:15:05 +0000 2018,0.879,0.121,0.0,7,@nytimes
567,0.8261,Sun Sep 02 20:00:14 +0000 2018,0.581,0.07,0.349,8,@nytimes
568,0.0,Sun Sep 02 19:45:08 +0000 2018,1.0,0.0,0.0,9,@nytimes
569,0.0,Sun Sep 02 19:31:04 +0000 2018,1.0,0.0,0.0,10,@nytimes
570,-0.34,Sun Sep 02 19:20:05 +0000 2018,0.902,0.098,0.0,11,@nytimes
571,-0.4824,Sun Sep 02 19:04:59 +0000 2018,0.844,0.156,0.0,12,@nytimes
572,-0.7964,Sun Sep 02 18:56:28 +0000 2018,0.693,0.307,0.0,13,@nytimes
573,-0.4404,Sun Sep 02 18:30:10 +0000 2018,0.861,0.139,0.0,14,@nytimes
574,0.5106,Sun Sep 02 18:14:05 +0000 2018,0.829,0.0,0.171,15,@nytimes
575,0.0,Sun Sep 02 18:00:10 +0000 2018,1.0,0.0,0.0,16,@nytimes
576,-0.765,Sun Sep 02 17:50:01 +0000 2018,0.742,0.258,0.0,17,@nytimes
577,0.0,Sun Sep 02 17:30:09 +0000 2018,1.0,0.0,0.0,18,@nytimes
578,0.0,Sun Sep 02 17:18:32 +0000 2018,1.0,0.0,0.0,19,@nytimes
579,0.4404,Sun Sep 02 17:05:02 +0000 2018,0.802,0.059,0.139,20,@nytimes
580,-0.4019,Sun Sep 02 17:00:08 +0000 2018,0.863,0.137,0.0,21,@nytimes
581,0.3612,Sun Sep 02 16:45:05 +0000 2018,0.878,0.0,0.122,22,@nytimes
582,0.4754,Sun Sep 02 16:30:02 +0000 2018,0.806,0.0,0.194,23,@nytimes
583,-0.4019,Sun Sep 02 16:15:06 +0000 2018,0.881,0.119,0.0,24,@nytimes
584,0.4215,Sun Sep 02 16:00:11 +0000 2018,0.865,0.0,0.135,25,@nytimes
585,0.128,Sun Sep 02 15:45:09 +0000 2018,0.919,0.0,0.081,26,@nytimes
586,0.0,Sun Sep 02 15:30:12 +0000 2018,1.0,0.0,0.0,27,@nytimes
587,0.5574,Sun Sep 02 15:15:09 +0000 2018,0.816,0.0,0.184,28,@nytimes
588,0.0,Sun Sep 02 15:00:04 +0000 2018,1.0,0.0,0.0,29,@nytimes
589,-0.4019,Sun Sep 02 14:45:05 +0000 2018,0.881,0.119,0.0,30,@nytimes
590,-0.6249,Sun Sep 02 14:30:11 +0000 2018,0.731,0.205,0.064,31,@nytimes
591,-0.7579,Sun Sep 02 14:15:04 +0000 2018,0.711,0.289,0.0,32,@nytimes
592,0.0,Sun Sep 02 14:00:15 +0000 2018,1.0,0.0,0.0,33,@nytimes
593,0.0,Sun Sep 02 13:45:08 +0000 2018,1.0,0.0,0.0,34,@nytimes
594,-0.4939,Sun Sep 02 13:30:09 +0000 2018,0.806,0.141,0.052,35,@nytimes
595,-0.4588,Sun Sep 02 13:20:03 +0000 2018,0.87,0.13,0.0,36,@nytimes
596,-0.25,Sun Sep 02 13:08:53 +0000 2018,0.92,0.08,0.0,37,@nytimes
597,0.0,Sun Sep 02 13:00:12 +0000 2018,1.0,0.0,0.0,38,@nytimes
598,-0.1798,Sun Sep 02 12:31:03 +0000 2018,0.804,0.116,0.08,39,@nytimes
599,0.0,Sun Sep 02 12:00:14 +0000 2018,1.0,0.0,0.0,40,@nytimes
600,-0.7184,Sun Sep 02 06:21:23 +0000 2018,0.739,0.261,0.0,41,@nytimes
601,-0.2755,Sun Sep 02 06:04:36 +0000 2018,0.826,0.174,0.0,42,@nytimes
602,0.4404,Sun Sep 02 05:47:43 +0000 2018,0.868,0.0,0.132,43,@nytimes
603,0.0,Sun Sep 02 05:30:49 +0000 2018,1.0,0.0,0.0,44,@nytimes
604,0.0,Sun Sep 02 05:13:59 +0000 2018,1.0,0.0,0.0,45,@nytimes
605,0.3818,Sun Sep 02 04:57:00 +0000 2018,0.75,0.092,0.158,46,@nytimes
606,0.0,Sun Sep 02 04:40:18 +0000 2018,1.0,0.0,0.0,47,@nytimes
607,0.3612,Sun Sep 02 04:23:19 +0000 2018,0.848,0.0,0.152,48,@nytimes
608,-0.6486,Sun Sep 02 04:06:05 +0000 2018,0.815,0.185,0.0,49,@nytimes
609,0.0,Sun Sep 02 03:50:03 +0000 2018,1.0,0.0,0.0,50,@nytimes
610,0.0,Sun Sep 02 03:27:06 +0000 2018,1.0,0.0,0.0,51,@nytimes
611,0.7845,Sun Sep 02 03:15:19 +0000 2018,0.743,0.0,0.257,52,@nytimes
612,0.0,Sun Sep 02 02:58:50 +0000 2018,1.0,0.0,0.0,53,@nytimes
613,0.128,Sun Sep 02 02:40:37 +0000 2018,0.628,0.173,0.199,54,@nytimes
614,-0.6249,Sun Sep 02 02:23:38 +0000 2018,0.814,0.186,0.0,55,@nytimes
615,0.1779,Sun Sep 02 02:07:06 +0000 2018,0.856,0.0,0.144,56,@nytimes
616,0.0,Sun Sep 02 01:48:48 +0000 2018,1.0,0.0,0.0,57,@nytimes
617,-0.4767,Sun Sep 02 01:35:58 +0000 2018,0.741,0.173,0.086,58,@nytimes
618,-0.6486,Sun Sep 02 01:19:00 +0000 2018,0.629,0.371,0.0,59,@nytimes
619,0.2023,Sun Sep 02 01:16:49 +0000 2018,0.913,0.0,0.087,60,@nytimes
620,0.8176,Sat Sep 01 15:55:30 +0000 2018,0.667,0.0,0.333,61,@nytimes
621,0.6705,Sat Sep 01 15:49:02 +0000 2018,0.649,0.078,0.273,62,@nytimes
622,0.0,Sat Sep 01 15:32:58 +0000 2018,1.0,0.0,0.0,63,@nytimes
623,-0.0056,Sat Sep 01 15:19:28 +0000 2018,0.832,0.084,0.083,64,@nytimes
624,0.1027,Sat Sep 01 15:16:07 +0000 2018,0.94,0.0,0.06,65,@nytimes
625,0.8934,Sat Sep 01 15:15:06 +0000 2018,0.627,0.0,0.373,66,@nytimes
626,-0.4215,Sat Sep 01 15:00:17 +0000 2018,0.882,0.118,0.0,67,@nytimes
627,-0.4215,Sat Sep 01 14:50:48 +0000 2018,0.882,0.118,0.0,68,@nytimes
628,-0.296,Sat Sep 01 14:47:40 +0000 2018,0.719,0.18,0.101,69,@nytimes
629,-0.4265,Sat Sep 01 14:45:05 +0000 2018,0.7,0.216,0.084,70,@nytimes
630,0.0,Sat Sep 01 14:39:34 +0000 2018,1.0,0.0,0.0,71,@nytimes
631,0.3818,Sat Sep 01 14:30:07 +0000 2018,0.852,0.0,0.148,72,@nytimes
632,0.4215,Sat Sep 01 14:18:43 +0000 2018,0.859,0.0,0.141,73,@nytimes
633,0.5859,Sat Sep 01 14:11:45 +0000 2018,0.826,0.0,0.174,74,@nytimes
634,0.6597,Sat Sep 01 14:02:06 +0000 2018,0.69,0.0,0.31,75,@nytimes
635,0.9186,Sat Sep 01 13:47:07 +0000 2018,0.594,0.0,0.406,76,@nytimes
636,0.1531,Sat Sep 01 13:42:08 +0000 2018,0.781,0.098,0.121,77,@nytimes
637,0.0,Sat Sep 01 13:31:07 +0000 2018,1.0,0.0,0.0,78,@nytimes
638,0.0,Sat Sep 01 13:31:02 +0000 2018,1.0,0.0,0.0,79,@nytimes
639,0.5859,Sat Sep 01 13:16:05 +0000 2018,0.808,0.0,0.192,80,@nytimes
640,0.802,Fri Aug 31 22:02:02 +0000 2018,0.687,0.0,0.313,81,@nytimes
641,0.4588,Fri Aug 31 21:46:05 +0000 2018,0.87,0.0,0.13,82,@nytimes
642,0.5574,Fri Aug 31 21:31:05 +0000 2018,0.841,0.0,0.159,83,@nytimes
643,0.6597,Fri Aug 31 21:15:06 +0000 2018,0.69,0.0,0.31,84,@nytimes
644,-0.0704,Fri Aug 31 21:02:09 +0000 2018,0.542,0.252,0.206,85,@nytimes
645,0.5106,Fri Aug 31 20:46:02 +0000 2018,0.858,0.0,0.142,86,@nytimes
646,0.34,Fri Aug 31 20:31:04 +0000 2018,0.893,0.0,0.107,87,@nytimes
647,0.3818,Fri Aug 31 20:17:27 +0000 2018,0.88,0.0,0.12,88,@nytimes
648,0.0772,Fri Aug 31 20:16:08 +0000 2018,0.942,0.0,0.058,89,@nytimes
649,0.0,Fri Aug 31 20:01:07 +0000 2018,1.0,0.0,0.0,90,@nytimes
650,0.0,Fri Aug 31 19:53:23 +0000 2018,1.0,0.0,0.0,91,@nytimes
651,0.2263,Fri Aug 31 19:46:05 +0000 2018,0.761,0.096,0.142,92,@nytimes
652,-0.0772,Fri Aug 31 19:31:06 +0000 2018,0.739,0.136,0.125,93,@nytimes
653,0.0,Fri Aug 31 19:16:04 +0000 2018,1.0,0.0,0.0,94,@nytimes
654,0.3818,Fri Aug 31 18:59:55 +0000 2018,0.806,0.0,0.194,95,@nytimes
655,0.0,Fri Aug 31 18:46:07 +0000 2018,1.0,0.0,0.0,96,@nytimes
656,0.0,Fri Aug 31 18:31:06 +0000 2018,1.0,0.0,0.0,97,@nytimes
657,0.7351,Fri Aug 31 18:16:01 +0000 2018,0.763,0.0,0.237,98,@nytimes
658,-0.128,Fri Aug 31 18:01:06 +0000 2018,0.622,0.199,0.178,99,@nytimes
659,0.4005,Fri Aug 31 17:39:20 +0000 2018,0.876,0.0,0.124,100,@nytimes
660,0.0,Thu Aug 30 23:17:03 +0000 2018,1.0,0.0,0.0,101,@nytimes
661,0.0,Thu Aug 30 23:02:09 +0000 2018,1.0,0.0,0.0,102,@nytimes
662,0.2263,Thu Aug 30 22:48:04 +0000 2018,0.894,0.0,0.106,103,@nytimes
663,0.0,Thu Aug 30 22:38:38 +0000 2018,1.0,0.0,0.0,104,@nytimes
664,-0.25,Thu Aug 30 22:17:02 +0000 2018,0.755,0.146,0.099,105,@nytimes
665,0.0,Thu Aug 30 22:02:04 +0000 2018,1.0,0.0,0.0,106,@nytimes
666,0.0,Thu Aug 30 21:47:04 +0000 2018,1.0,0.0,0.0,107,@nytimes
667,0.0,Thu Aug 30 21:32:02 +0000 2018,1.0,0.0,0.0,108,@nytimes
668,0.3818,Thu Aug 30 21:18:02 +0000 2018,0.75,0.092,0.158,109,@nytimes
669,0.0,Thu Aug 30 21:08:00 +0000 2018,1.0,0.0,0.0,110,@nytimes
670,-0.1779,Thu Aug 30 20:58:50 +0000 2018,0.925,0.075,0.0,111,@nytimes
671,0.5719,Thu Aug 30 20:49:02 +0000 2018,0.821,0.0,0.179,112,@nytimes
672,-0.7964,Thu Aug 30 20:46:02 +0000 2018,0.747,0.253,0.0,113,@nytimes
673,0.5574,Thu Aug 30 20:31:05 +0000 2018,0.833,0.0,0.167,114,@nytimes
674,0.0,Thu Aug 30 20:15:04 +0000 2018,1.0,0.0,0.0,115,@nytimes
675,-0.4404,Thu Aug 30 20:00:05 +0000 2018,0.873,0.127,0.0,116,@nytimes
676,0.0,Thu Aug 30 19:45:10 +0000 2018,1.0,0.0,0.0,117,@nytimes
677,0.0,Thu Aug 30 19:30:05 +0000 2018,1.0,0.0,0.0,118,@nytimes
678,0.0,Thu Aug 30 19:15:07 +0000 2018,1.0,0.0,0.0,119,@nytimes
679,-0.5267,Thu Aug 30 19:00:08 +0000 2018,0.88,0.12,0.0,120,@nytimes
680,-0.6705,Wed Aug 29 20:10:04 +0000 2018,0.836,0.164,0.0,121,@nytimes
681,0.0,Wed Aug 29 19:57:02 +0000 2018,1.0,0.0,0.0,122,@nytimes
682,0.4215,Wed Aug 29 19:47:01 +0000 2018,0.896,0.0,0.104,123,@nytimes
683,0.0,Wed Aug 29 19:27:01 +0000 2018,1.0,0.0,0.0,124,@nytimes
684,0.0,Wed Aug 29 19:17:04 +0000 2018,1.0,0.0,0.0,125,@nytimes
685,-0.743,Wed Aug 29 19:07:04 +0000 2018,0.717,0.283,0.0,126,@nytimes
686,-0.7845,Wed Aug 29 18:57:02 +0000 2018,0.685,0.315,0.0,127,@nytimes
687,0.0,Wed Aug 29 18:47:02 +0000 2018,1.0,0.0,0.0,128,@nytimes
688,-0.4019,Wed Aug 29 18:37:07 +0000 2018,0.863,0.137,0.0,129,@nytimes
689,0.0,Wed Aug 29 18:27:05 +0000 2018,1.0,0.0,0.0,130,@nytimes
690,0.8658,Wed Aug 29 18:17:04 +0000 2018,0.662,0.0,0.338,131,@nytimes
691,0.0,Wed Aug 29 18:07:06 +0000 2018,1.0,0.0,0.0,132,@nytimes
692,-0.4019,Wed Aug 29 17:57:20 +0000 2018,0.87,0.13,0.0,133,@nytimes
693,-0.4215,Wed Aug 29 17:47:07 +0000 2018,0.877,0.123,0.0,134,@nytimes
694,-0.4404,Wed Aug 29 17:37:04 +0000 2018,0.717,0.177,0.106,135,@nytimes
695,0.0,Wed Aug 29 17:27:04 +0000 2018,1.0,0.0,0.0,136,@nytimes
696,-0.3182,Wed Aug 29 17:17:02 +0000 2018,0.673,0.193,0.135,137,@nytimes
697,-0.0516,Wed Aug 29 17:07:06 +0000 2018,0.938,0.062,0.0,138,@nytimes
698,0.4754,Wed Aug 29 16:57:03 +0000 2018,0.853,0.0,0.147,139,@nytimes
699,-0.3182,Wed Aug 29 16:47:07 +0000 2018,0.85,0.15,0.0,140,@nytimes
700,0.0,Wed Aug 29 19:54:41 +0000 2018,1.0,0.0,0.0,1,@BarackObama
701,0.8997,Sun Aug 26 21:40:29 +0000 2018,0.56,0.0,0.44,2,@BarackObama
702,0.0,Sun Aug 26 01:09:45 +0000 2018,1.0,0.0,0.0,3,@BarackObama
703,0.0,Thu Aug 16 16:31:18 +0000 2018,1.0,0.0,0.0,4,@BarackObama
704,0.6249,Mon Aug 06 14:53:32 +0000 2018,0.819,0.0,0.181,5,@BarackObama
705,0.9287,Wed Aug 01 16:20:24 +0000 2018,0.449,0.0,0.551,6,@BarackObama
706,0.8271,Wed Aug 01 16:20:04 +0000 2018,0.633,0.0,0.367,7,@BarackObama
707,0.4404,Wed Jul 18 16:19:30 +0000 2018,0.873,0.0,0.127,8,@BarackObama
708,0.5719,Fri Jul 13 13:42:22 +0000 2018,0.829,0.0,0.171,9,@BarackObama
709,0.6124,Mon Jun 18 17:52:50 +0000 2018,0.5,0.0,0.5,10,@BarackObama
710,0.9134,Tue Jun 12 15:09:54 +0000 2018,0.558,0.0,0.442,11,@BarackObama
711,0.7227,Fri Jun 08 16:01:17 +0000 2018,0.798,0.0,0.202,12,@BarackObama
712,-0.8176,Fri Jun 01 15:33:58 +0000 2018,0.431,0.4,0.169,13,@BarackObama
713,0.0243,Mon May 28 16:02:01 +0000 2018,0.564,0.232,0.204,14,@BarackObama
714,0.3612,Wed May 23 20:40:01 +0000 2018,0.906,0.0,0.094,15,@BarackObama
715,0.8214,Sun May 13 14:32:16 +0000 2018,0.704,0.0,0.296,16,@BarackObama
716,0.1513,Tue May 08 19:40:56 +0000 2018,0.73,0.106,0.164,17,@BarackObama
717,0.9183,Wed May 02 16:00:44 +0000 2018,0.581,0.0,0.419,18,@BarackObama
718,0.5647,Mon Apr 23 19:13:36 +0000 2018,0.761,0.0,0.239,19,@BarackObama
719,0.0,Wed Apr 18 00:44:58 +0000 2018,1.0,0.0,0.0,20,@BarackObama
720,0.4215,Mon Apr 16 11:25:04 +0000 2018,0.872,0.0,0.128,21,@BarackObama
721,0.0,Wed Apr 04 14:35:58 +0000 2018,1.0,0.0,0.0,22,@BarackObama
722,0.2714,Sun Mar 25 15:34:31 +0000 2018,0.901,0.0,0.099,23,@BarackObama
723,0.6269,Sat Mar 24 17:07:47 +0000 2018,0.829,0.0,0.171,24,@BarackObama
724,0.7264,Mon Mar 19 21:48:18 +0000 2018,0.728,0.0,0.272,25,@BarackObama
725,0.0,Mon Mar 19 15:10:02 +0000 2018,1.0,0.0,0.0,26,@BarackObama
726,0.7184,Fri Mar 16 00:22:18 +0000 2018,0.647,0.0,0.353,27,@BarackObama
727,0.5983,Thu Mar 15 23:16:02 +0000 2018,0.547,0.129,0.323,28,@BarackObama
728,0.2382,Wed Mar 14 20:12:59 +0000 2018,0.919,0.0,0.081,29,@BarackObama
729,0.5106,Wed Mar 14 14:58:59 +0000 2018,0.68,0.0,0.32,30,@BarackObama
730,0.3612,Mon Mar 12 18:12:41 +0000 2018,0.884,0.0,0.116,31,@BarackObama
731,0.552,Wed Feb 28 02:58:41 +0000 2018,0.855,0.0,0.145,32,@BarackObama
732,0.9192,Thu Feb 22 16:00:44 +0000 2018,0.58,0.0,0.42,33,@BarackObama
733,0.8442,Wed Feb 21 16:33:04 +0000 2018,0.676,0.0,0.324,34,@BarackObama
734,-0.5106,Thu Feb 15 17:12:17 +0000 2018,0.711,0.201,0.089,35,@BarackObama
735,0.765,Wed Feb 14 16:25:03 +0000 2018,0.625,0.0,0.375,36,@BarackObama
736,0.8126,Wed Feb 14 16:24:22 +0000 2018,0.697,0.0,0.303,37,@BarackObama
737,-0.3182,Mon Jan 15 14:46:02 +0000 2018,0.892,0.108,0.0,38,@BarackObama
738,0.4019,Fri Dec 29 16:11:11 +0000 2017,0.886,0.0,0.114,39,@BarackObama
739,0.5719,Fri Dec 29 16:10:36 +0000 2017,0.793,0.0,0.207,40,@BarackObama
740,0.0,Mon Oct 23 22:03:41 +0000 2017,1.0,0.0,0.0,41,@BarackObama
741,0.4019,Sun Oct 22 00:02:08 +0000 2017,0.87,0.0,0.13,42,@BarackObama
742,0.9246,Mon Oct 16 22:59:00 +0000 2017,0.544,0.0,0.456,43,@BarackObama
743,-0.6369,Mon Oct 02 12:41:16 +0000 2017,0.674,0.238,0.089,44,@BarackObama
744,0.93,Sat Sep 30 02:22:08 +0000 2017,0.579,0.0,0.421,45,@BarackObama
745,0.5994,Tue Sep 26 17:03:55 +0000 2017,0.811,0.0,0.189,46,@BarackObama
746,0.4588,Mon Sep 25 23:36:36 +0000 2017,0.748,0.056,0.196,47,@BarackObama
747,0.0,Wed Sep 20 16:32:34 +0000 2017,1.0,0.0,0.0,48,@BarackObama
748,0.4767,Wed Sep 20 02:30:52 +0000 2017,0.853,0.0,0.147,49,@BarackObama
749,0.8519,Mon Sep 18 20:07:58 +0000 2017,0.623,0.0,0.377,50,@BarackObama
750,0.6124,Wed Sep 13 14:08:59 +0000 2017,0.773,0.0,0.227,51,@BarackObama
751,-0.4404,Mon Sep 11 15:32:51 +0000 2017,0.63,0.226,0.143,52,@BarackObama
752,0.6369,Sun Sep 10 15:56:06 +0000 2017,0.785,0.0,0.215,53,@BarackObama
753,0.7506,Fri Sep 08 21:34:23 +0000 2017,0.686,0.0,0.314,54,@BarackObama
754,0.0,Thu Sep 07 23:06:48 +0000 2017,1.0,0.0,0.0,55,@BarackObama
755,-0.4404,Tue Sep 05 18:52:01 +0000 2017,0.627,0.243,0.129,56,@BarackObama
756,0.5719,Sun Aug 27 23:14:23 +0000 2017,0.81,0.0,0.19,57,@BarackObama
757,0.2023,Thu Aug 17 19:15:11 +0000 2017,0.787,0.091,0.122,58,@BarackObama
758,0.6369,Sun Aug 13 00:06:39 +0000 2017,0.756,0.0,0.244,59,@BarackObama
759,-0.8126,Sun Aug 13 00:06:27 +0000 2017,0.684,0.316,0.0,60,@BarackObama
760,0.0,Tue Nov 01 15:54:09 +0000 2016,1.0,0.0,0.0,61,@BarackObama
761,0.3595,Mon Oct 31 22:17:32 +0000 2016,0.872,0.0,0.128,62,@BarackObama
762,0.0,Mon Oct 31 22:09:10 +0000 2016,1.0,0.0,0.0,63,@BarackObama
763,0.0,Mon Oct 31 20:12:07 +0000 2016,1.0,0.0,0.0,64,@BarackObama
764,0.7096,Mon Oct 31 18:08:56 +0000 2016,0.629,0.0,0.371,65,@BarackObama
765,0.3412,Mon Oct 31 17:00:21 +0000 2016,0.888,0.0,0.112,66,@BarackObama
766,0.7351,Mon Oct 31 15:33:29 +0000 2016,0.617,0.0,0.383,67,@BarackObama
767,0.7571,Sun Oct 30 22:21:27 +0000 2016,0.61,0.085,0.305,68,@BarackObama
768,0.1531,Fri Oct 28 16:50:43 +0000 2016,0.663,0.153,0.184,69,@BarackObama
769,0.6705,Fri Oct 28 15:07:46 +0000 2016,0.756,0.0,0.244,70,@BarackObama
770,0.4519,Thu Oct 27 22:17:29 +0000 2016,0.802,0.0,0.198,71,@BarackObama
771,-0.4767,Thu Oct 27 21:31:51 +0000 2016,0.721,0.279,0.0,72,@BarackObama
772,0.25,Thu Oct 27 20:24:15 +0000 2016,0.817,0.067,0.115,73,@BarackObama
773,0.0,Thu Oct 27 18:55:15 +0000 2016,1.0,0.0,0.0,74,@BarackObama
774,-0.2263,Thu Oct 27 17:04:36 +0000 2016,0.733,0.157,0.11,75,@BarackObama
775,0.8625,Thu Oct 27 15:27:13 +0000 2016,0.625,0.0,0.375,76,@BarackObama
776,0.2023,Wed Oct 26 19:32:32 +0000 2016,0.921,0.0,0.079,77,@BarackObama
777,0.1779,Wed Oct 26 17:33:39 +0000 2016,0.779,0.095,0.126,78,@BarackObama
778,0.8519,Wed Oct 26 16:26:29 +0000 2016,0.576,0.0,0.424,79,@BarackObama
779,0.0,Wed Oct 26 15:01:14 +0000 2016,1.0,0.0,0.0,80,@BarackObama
780,-0.3818,Thu Oct 06 18:35:27 +0000 2016,0.852,0.148,0.0,81,@BarackObama
781,0.4939,Thu Oct 06 17:22:46 +0000 2016,0.849,0.0,0.151,82,@BarackObama
782,0.5859,Thu Oct 06 15:48:57 +0000 2016,0.769,0.0,0.231,83,@BarackObama
783,-0.3818,Wed Oct 05 21:30:38 +0000 2016,0.833,0.167,0.0,84,@BarackObama
784,0.0,Wed Oct 05 20:44:42 +0000 2016,0.755,0.123,0.123,85,@BarackObama
785,0.4939,Wed Oct 05 19:30:42 +0000 2016,0.775,0.0,0.225,86,@BarackObama
786,0.5574,Wed Oct 05 15:50:42 +0000 2016,0.816,0.0,0.184,87,@BarackObama
787,0.0,Tue Oct 04 20:30:46 +0000 2016,1.0,0.0,0.0,88,@BarackObama
788,0.4588,Tue Oct 04 18:28:15 +0000 2016,0.864,0.0,0.136,89,@BarackObama
789,0.0258,Tue Oct 04 16:53:50 +0000 2016,0.845,0.0,0.155,90,@BarackObama
790,-0.5267,Tue Oct 04 15:08:13 +0000 2016,0.833,0.167,0.0,91,@BarackObama
791,0.0,Mon Oct 03 19:57:20 +0000 2016,1.0,0.0,0.0,92,@BarackObama
792,0.0,Mon Oct 03 18:24:20 +0000 2016,1.0,0.0,0.0,93,@BarackObama
793,0.0,Mon Oct 03 16:55:19 +0000 2016,1.0,0.0,0.0,94,@BarackObama
794,0.34,Mon Oct 03 15:30:43 +0000 2016,0.702,0.0,0.298,95,@BarackObama
795,-0.1779,Sat Oct 01 16:06:00 +0000 2016,0.731,0.151,0.119,96,@BarackObama
796,0.2247,Sat Oct 01 14:46:41 +0000 2016,0.82,0.066,0.114,97,@BarackObama
797,-0.0258,Fri Sep 30 21:32:41 +0000 2016,0.698,0.153,0.149,98,@BarackObama
798,-0.4449,Fri Sep 30 20:11:02 +0000 2016,0.827,0.173,0.0,99,@BarackObama
799,0.749,Fri Sep 30 17:47:42 +0000 2016,0.727,0.0,0.273,100,@BarackObama
800,0.4939,Fri Sep 02 19:59:45 +0000 2016,0.648,0.102,0.25,101,@BarackObama
801,-0.4404,Fri Sep 02 18:28:14 +0000 2016,0.707,0.293,0.0,102,@BarackObama
802,0.5927,Fri Sep 02 17:01:55 +0000 2016,0.796,0.0,0.204,103,@BarackObama
803,0.3818,Fri Sep 02 15:10:40 +0000 2016,0.852,0.0,0.148,104,@BarackObama
804,0.0,Thu Sep 01 21:06:14 +0000 2016,1.0,0.0,0.0,105,@BarackObama
805,0.0,Thu Sep 01 19:33:21 +0000 2016,1.0,0.0,0.0,106,@BarackObama
806,0.2263,Thu Sep 01 17:07:17 +0000 2016,0.503,0.226,0.271,107,@BarackObama
807,0.6486,Thu Sep 01 16:00:17 +0000 2016,0.674,0.0,0.326,108,@BarackObama
808,0.0,Wed Aug 31 19:42:44 +0000 2016,1.0,0.0,0.0,109,@BarackObama
809,0.5574,Wed Aug 31 17:38:19 +0000 2016,0.753,0.0,0.247,110,@BarackObama
810,0.5719,Wed Aug 31 16:24:53 +0000 2016,0.734,0.0,0.266,111,@BarackObama
811,0.0,Tue Aug 30 22:17:40 +0000 2016,1.0,0.0,0.0,112,@BarackObama
812,0.0361,Tue Aug 30 21:50:11 +0000 2016,0.827,0.083,0.09,113,@BarackObama
813,0.0,Tue Aug 30 20:03:12 +0000 2016,1.0,0.0,0.0,114,@BarackObama
814,0.7003,Tue Aug 30 18:08:24 +0000 2016,0.507,0.0,0.493,115,@BarackObama
815,0.34,Tue Aug 30 15:35:45 +0000 2016,0.821,0.0,0.179,116,@BarackObama
816,0.4019,Mon Aug 29 21:15:13 +0000 2016,0.863,0.0,0.137,117,@BarackObama
817,0.5859,Mon Aug 29 19:10:14 +0000 2016,0.789,0.0,0.211,118,@BarackObama
818,0.2607,Mon Aug 29 17:19:11 +0000 2016,0.695,0.127,0.179,119,@BarackObama
819,0.0,Fri Aug 26 21:58:05 +0000 2016,1.0,0.0,0.0,120,@BarackObama
820,0.2263,Wed Jul 27 19:38:58 +0000 2016,0.863,0.0,0.137,121,@BarackObama
821,0.8225,Wed Jul 27 17:24:00 +0000 2016,0.602,0.0,0.398,122,@BarackObama
822,-0.296,Wed Jul 27 15:38:22 +0000 2016,0.845,0.155,0.0,123,@BarackObama
823,0.4767,Tue Jul 26 20:33:08 +0000 2016,0.795,0.0,0.205,124,@BarackObama
824,-0.2263,Tue Jul 26 19:45:59 +0000 2016,0.746,0.149,0.104,125,@BarackObama
825,0.5859,Tue Jul 26 18:36:00 +0000 2016,0.676,0.0,0.324,126,@BarackObama
826,0.3818,Tue Jul 26 16:25:18 +0000 2016,0.867,0.0,0.133,127,@BarackObama
827,-0.296,Tue Jul 26 15:13:16 +0000 2016,0.556,0.256,0.189,128,@BarackObama
828,-0.7506,Mon Jul 25 21:29:04 +0000 2016,0.631,0.316,0.053,129,@BarackObama
829,-0.5267,Mon Jul 25 20:33:48 +0000 2016,0.529,0.335,0.135,130,@BarackObama
830,0.4005,Mon Jul 25 19:27:41 +0000 2016,0.822,0.0,0.178,131,@BarackObama
831,0.5574,Mon Jul 25 18:02:26 +0000 2016,0.847,0.0,0.153,132,@BarackObama
832,0.802,Mon Jul 25 17:02:06 +0000 2016,0.526,0.079,0.395,133,@BarackObama
833,0.0,Mon Jul 25 15:55:36 +0000 2016,1.0,0.0,0.0,134,@BarackObama
834,0.3818,Sat Jul 23 17:54:03 +0000 2016,0.833,0.0,0.167,135,@BarackObama
835,0.4215,Sat Jul 23 16:08:53 +0000 2016,0.851,0.0,0.149,136,@BarackObama
836,0.5574,Fri Jul 22 16:41:42 +0000 2016,0.847,0.0,0.153,137,@BarackObama
837,0.7184,Fri Jul 22 15:23:27 +0000 2016,0.7,0.0,0.3,138,@BarackObama
838,0.7003,Thu Jul 21 20:50:14 +0000 2016,0.766,0.0,0.234,139,@BarackObama
839,0.4215,Thu Jul 21 19:13:30 +0000 2016,0.682,0.0,0.318,140,@BarackObama
840,0.0772,Sun Sep 02 14:10:17 +0000 2018,0.706,0.122,0.173,1,@realDonaldTrump
841,-0.6705,Sun Sep 02 13:37:51 +0000 2018,0.766,0.234,0.0,2,@realDonaldTrump
842,0.6249,Sun Sep 02 13:28:20 +0000 2018,0.843,0.0,0.157,3,@realDonaldTrump
843,-0.6486,Sun Sep 02 01:43:29 +0000 2018,0.549,0.341,0.11,4,@realDonaldTrump
844,0.729,Sun Sep 02 01:23:10 +0000 2018,0.494,0.0,0.506,5,@realDonaldTrump
845,0.4926,Sun Sep 02 01:23:02 +0000 2018,0.579,0.145,0.277,6,@realDonaldTrump
846,-0.296,Sun Sep 02 01:21:41 +0000 2018,0.905,0.095,0.0,7,@realDonaldTrump
847,0.0,Sun Sep 02 01:01:22 +0000 2018,1.0,0.0,0.0,8,@realDonaldTrump
848,-0.2732,Sun Sep 02 00:53:44 +0000 2018,0.905,0.095,0.0,9,@realDonaldTrump
849,0.6486,Sun Sep 02 00:46:41 +0000 2018,0.674,0.082,0.243,10,@realDonaldTrump
850,0.4926,Sat Sep 01 22:55:29 +0000 2018,0.541,0.158,0.302,11,@realDonaldTrump
851,0.6588,Sat Sep 01 22:53:07 +0000 2018,0.406,0.0,0.594,12,@realDonaldTrump
852,-0.126,Sat Sep 01 22:51:29 +0000 2018,0.64,0.214,0.146,13,@realDonaldTrump
853,-0.7983,Sat Sep 01 15:12:25 +0000 2018,0.716,0.284,0.0,14,@realDonaldTrump
854,0.0258,Sat Sep 01 15:03:28 +0000 2018,0.83,0.083,0.087,15,@realDonaldTrump
855,0.0,Sat Sep 01 13:27:05 +0000 2018,1.0,0.0,0.0,16,@realDonaldTrump
856,-0.4767,Sat Sep 01 13:19:20 +0000 2018,0.866,0.134,0.0,17,@realDonaldTrump
857,-0.2732,Sat Sep 01 12:32:59 +0000 2018,0.909,0.091,0.0,18,@realDonaldTrump
858,-0.296,Sat Sep 01 12:26:58 +0000 2018,0.896,0.104,0.0,19,@realDonaldTrump
859,0.6588,Sat Sep 01 11:21:41 +0000 2018,0.65,0.0,0.35,20,@realDonaldTrump
860,-0.2023,Sat Sep 01 11:19:04 +0000 2018,0.913,0.087,0.0,21,@realDonaldTrump
861,-0.4939,Sat Sep 01 02:40:23 +0000 2018,0.765,0.173,0.061,22,@realDonaldTrump
862,0.7773,Sat Sep 01 02:36:57 +0000 2018,0.57,0.0,0.43,23,@realDonaldTrump
863,0.0,Sat Sep 01 02:35:28 +0000 2018,1.0,0.0,0.0,24,@realDonaldTrump
864,0.0772,Sat Sep 01 02:25:38 +0000 2018,0.681,0.132,0.187,25,@realDonaldTrump
865,0.0,Sat Sep 01 00:01:21 +0000 2018,1.0,0.0,0.0,26,@realDonaldTrump
866,0.6808,Fri Aug 31 22:07:25 +0000 2018,0.641,0.0,0.359,27,@realDonaldTrump
867,0.7935,Fri Aug 31 18:37:04 +0000 2018,0.694,0.0,0.306,28,@realDonaldTrump
868,0.0,Fri Aug 31 17:09:01 +0000 2018,1.0,0.0,0.0,29,@realDonaldTrump
869,0.7901,Fri Aug 31 01:50:40 +0000 2018,0.364,0.0,0.636,30,@realDonaldTrump
870,0.0,Thu Aug 30 19:59:32 +0000 2018,1.0,0.0,0.0,31,@realDonaldTrump
871,0.8957,Thu Aug 30 18:30:04 +0000 2018,0.511,0.065,0.423,32,@realDonaldTrump
872,-0.4753,Thu Aug 30 16:54:09 +0000 2018,0.837,0.163,0.0,33,@realDonaldTrump
873,0.624,Thu Aug 30 13:49:51 +0000 2018,0.806,0.0,0.194,34,@realDonaldTrump
874,0.6989,Thu Aug 30 13:39:00 +0000 2018,0.776,0.0,0.224,35,@realDonaldTrump
875,-0.5411,Thu Aug 30 13:17:48 +0000 2018,0.626,0.27,0.104,36,@realDonaldTrump
876,0.5859,Thu Aug 30 12:54:13 +0000 2018,0.847,0.0,0.153,37,@realDonaldTrump
877,0.0,Thu Aug 30 11:56:28 +0000 2018,1.0,0.0,0.0,38,@realDonaldTrump
878,-0.4767,Thu Aug 30 11:44:28 +0000 2018,0.876,0.124,0.0,39,@realDonaldTrump
879,0.4404,Thu Aug 30 11:20:48 +0000 2018,0.879,0.0,0.121,40,@realDonaldTrump
880,0.0,Wed Aug 29 12:18:10 +0000 2018,1.0,0.0,0.0,41,@realDonaldTrump
881,0.0,Wed Aug 29 12:12:38 +0000 2018,1.0,0.0,0.0,42,@realDonaldTrump
882,0.4767,Wed Aug 29 12:00:37 +0000 2018,0.814,0.0,0.186,43,@realDonaldTrump
883,-0.3182,Wed Aug 29 04:44:54 +0000 2018,0.751,0.155,0.094,44,@realDonaldTrump
884,0.0516,Wed Aug 29 04:11:45 +0000 2018,0.763,0.114,0.123,45,@realDonaldTrump
885,0.34,Wed Aug 29 02:26:35 +0000 2018,0.882,0.0,0.118,46,@realDonaldTrump
886,0.516,Wed Aug 29 02:19:58 +0000 2018,0.857,0.0,0.143,47,@realDonaldTrump
887,0.0,Wed Aug 29 01:21:59 +0000 2018,1.0,0.0,0.0,48,@realDonaldTrump
888,-0.1027,Wed Aug 29 01:16:58 +0000 2018,0.773,0.123,0.105,49,@realDonaldTrump
889,0.92,Wed Aug 29 00:48:11 +0000 2018,0.554,0.0,0.446,50,@realDonaldTrump
890,0.9468,Wed Aug 29 00:32:05 +0000 2018,0.552,0.0,0.448,51,@realDonaldTrump
891,0.0,Tue Aug 28 20:50:34 +0000 2018,1.0,0.0,0.0,52,@realDonaldTrump
892,0.5106,Tue Aug 28 17:28:28 +0000 2018,0.769,0.0,0.231,53,@realDonaldTrump
893,-0.5256,Tue Aug 28 15:02:51 +0000 2018,0.834,0.166,0.0,54,@realDonaldTrump
894,-0.4767,Tue Aug 28 15:02:49 +0000 2018,0.86,0.14,0.0,55,@realDonaldTrump
895,0.8271,Tue Aug 28 14:21:08 +0000 2018,0.707,0.0,0.293,56,@realDonaldTrump
896,0.0,Tue Aug 28 09:57:51 +0000 2018,1.0,0.0,0.0,57,@realDonaldTrump
897,0.0,Tue Aug 28 09:54:32 +0000 2018,1.0,0.0,0.0,58,@realDonaldTrump
898,0.0,Tue Aug 28 01:18:38 +0000 2018,1.0,0.0,0.0,59,@realDonaldTrump
899,0.7783,Mon Aug 27 22:07:50 +0000 2018,0.714,0.0,0.286,60,@realDonaldTrump
900,0.6369,Fri Aug 24 09:57:15 +0000 2018,0.819,0.0,0.181,61,@realDonaldTrump
901,0.4926,Fri Aug 24 04:21:37 +0000 2018,0.738,0.0,0.262,62,@realDonaldTrump
902,0.5106,Fri Aug 24 04:09:55 +0000 2018,0.765,0.0,0.235,63,@realDonaldTrump
903,0.3182,Thu Aug 23 21:10:31 +0000 2018,0.905,0.0,0.095,64,@realDonaldTrump
904,0.8908,Thu Aug 23 21:10:30 +0000 2018,0.595,0.0,0.405,65,@realDonaldTrump
905,-0.6124,Thu Aug 23 19:21:04 +0000 2018,0.58,0.299,0.121,66,@realDonaldTrump
906,0.7351,Thu Aug 23 18:08:19 +0000 2018,0.63,0.083,0.287,67,@realDonaldTrump
907,0.0,Thu Aug 23 16:02:32 +0000 2018,1.0,0.0,0.0,68,@realDonaldTrump
908,0.0,Thu Aug 23 15:39:43 +0000 2018,1.0,0.0,0.0,69,@realDonaldTrump
909,0.0,Thu Aug 23 13:44:47 +0000 2018,1.0,0.0,0.0,70,@realDonaldTrump
910,-0.7574,Thu Aug 23 05:10:08 +0000 2018,0.211,0.789,0.0,71,@realDonaldTrump
911,0.0,Thu Aug 23 02:28:45 +0000 2018,1.0,0.0,0.0,72,@realDonaldTrump
912,0.6597,Thu Aug 23 00:56:35 +0000 2018,0.654,0.101,0.245,73,@realDonaldTrump
913,0.5411,Thu Aug 23 00:51:38 +0000 2018,0.8,0.0,0.2,74,@realDonaldTrump
914,0.8271,Thu Aug 23 00:46:53 +0000 2018,0.686,0.0,0.314,75,@realDonaldTrump
915,0.0,Wed Aug 22 23:01:24 +0000 2018,1.0,0.0,0.0,76,@realDonaldTrump
916,0.0,Wed Aug 22 22:24:57 +0000 2018,1.0,0.0,0.0,77,@realDonaldTrump
917,0.636,Wed Aug 22 20:07:29 +0000 2018,0.724,0.0,0.276,78,@realDonaldTrump
918,0.0,Wed Aug 22 20:05:05 +0000 2018,1.0,0.0,0.0,79,@realDonaldTrump
919,0.0,Wed Aug 22 16:13:34 +0000 2018,1.0,0.0,0.0,80,@realDonaldTrump
920,0.2023,Fri Aug 17 11:30:55 +0000 2018,0.921,0.0,0.079,81,@realDonaldTrump
921,0.4767,Fri Aug 17 02:04:03 +0000 2018,0.86,0.0,0.14,82,@realDonaldTrump
922,0.0,Fri Aug 17 01:54:54 +0000 2018,1.0,0.0,0.0,83,@realDonaldTrump
923,0.0,Fri Aug 17 01:49:11 +0000 2018,1.0,0.0,0.0,84,@realDonaldTrump
924,0.0,Fri Aug 17 00:56:42 +0000 2018,1.0,0.0,0.0,85,@realDonaldTrump
925,0.1243,Fri Aug 17 00:45:22 +0000 2018,0.768,0.105,0.128,86,@realDonaldTrump
926,-0.34,Thu Aug 16 23:53:55 +0000 2018,0.888,0.112,0.0,87,@realDonaldTrump
927,0.4019,Thu Aug 16 23:45:01 +0000 2018,0.87,0.0,0.13,88,@realDonaldTrump
928,0.5267,Thu Aug 16 23:37:15 +0000 2018,0.855,0.0,0.145,89,@realDonaldTrump
929,0.8176,Thu Aug 16 23:30:26 +0000 2018,0.667,0.0,0.333,90,@realDonaldTrump
930,0.7345,Thu Aug 16 18:55:35 +0000 2018,0.492,0.0,0.508,91,@realDonaldTrump
931,0.6588,Thu Aug 16 18:43:22 +0000 2018,0.614,0.0,0.386,92,@realDonaldTrump
932,0.7644,Thu Aug 16 15:36:26 +0000 2018,0.465,0.178,0.358,93,@realDonaldTrump
933,0.8182,Thu Aug 16 14:10:17 +0000 2018,0.691,0.042,0.267,94,@realDonaldTrump
934,-0.5106,Thu Aug 16 14:00:00 +0000 2018,0.864,0.136,0.0,95,@realDonaldTrump
935,0.6522,Thu Aug 16 12:50:44 +0000 2018,0.417,0.227,0.356,96,@realDonaldTrump
936,0.8271,Thu Aug 16 12:43:33 +0000 2018,0.661,0.0,0.339,97,@realDonaldTrump
937,-0.8074,Thu Aug 16 02:40:42 +0000 2018,0.722,0.278,0.0,98,@realDonaldTrump
938,-0.296,Thu Aug 16 02:31:58 +0000 2018,0.901,0.099,0.0,99,@realDonaldTrump
939,0.7034,Thu Aug 16 02:02:16 +0000 2018,0.82,0.0,0.18,100,@realDonaldTrump
940,0.8481,Wed Aug 08 03:23:54 +0000 2018,0.62,0.0,0.38,101,@realDonaldTrump
941,0.9224,Wed Aug 08 03:18:36 +0000 2018,0.43,0.0,0.57,102,@realDonaldTrump
942,-0.3412,Wed Aug 08 02:59:39 +0000 2018,0.909,0.091,0.0,103,@realDonaldTrump
943,0.4939,Tue Aug 07 18:25:13 +0000 2018,0.873,0.0,0.127,104,@realDonaldTrump
944,0.3802,Tue Aug 07 14:03:05 +0000 2018,0.895,0.0,0.105,105,@realDonaldTrump
945,-0.7506,Tue Aug 07 10:46:45 +0000 2018,0.748,0.252,0.0,106,@realDonaldTrump
946,-0.0772,Tue Aug 07 09:31:46 +0000 2018,0.936,0.064,0.0,107,@realDonaldTrump
947,-0.7832,Mon Aug 06 21:53:42 +0000 2018,0.724,0.276,0.0,108,@realDonaldTrump
948,0.6124,Mon Aug 06 21:46:47 +0000 2018,0.76,0.0,0.24,109,@realDonaldTrump
949,0.9148,Mon Aug 06 21:44:00 +0000 2018,0.523,0.0,0.477,110,@realDonaldTrump
950,0.0,Mon Aug 06 19:13:42 +0000 2018,1.0,0.0,0.0,111,@realDonaldTrump
951,0.34,Mon Aug 06 17:43:57 +0000 2018,0.704,0.104,0.193,112,@realDonaldTrump
952,0.8591,Mon Aug 06 15:48:40 +0000 2018,0.667,0.0,0.333,113,@realDonaldTrump
953,0.7842,Mon Aug 06 14:52:46 +0000 2018,0.614,0.087,0.3,114,@realDonaldTrump
954,0.0,Mon Aug 06 14:25:56 +0000 2018,1.0,0.0,0.0,115,@realDonaldTrump
955,0.0,Mon Aug 06 14:13:10 +0000 2018,1.0,0.0,0.0,116,@realDonaldTrump
956,0.0,Sun Aug 05 21:53:11 +0000 2018,1.0,0.0,0.0,117,@realDonaldTrump
957,0.9151,Sun Aug 05 21:52:57 +0000 2018,0.617,0.0,0.383,118,@realDonaldTrump
958,0.9148,Sun Aug 05 20:01:17 +0000 2018,0.504,0.0,0.496,119,@realDonaldTrump
959,-0.8834,Sun Aug 05 12:49:21 +0000 2018,0.627,0.373,0.0,120,@realDonaldTrump
960,0.3612,Mon Jul 30 12:06:39 +0000 2018,0.872,0.0,0.128,121,@realDonaldTrump
961,0.6369,Mon Jul 30 11:57:34 +0000 2018,0.785,0.0,0.215,122,@realDonaldTrump
962,0.0,Sun Jul 29 23:04:20 +0000 2018,1.0,0.0,0.0,123,@realDonaldTrump
963,-0.5106,Sun Jul 29 20:20:39 +0000 2018,0.845,0.155,0.0,124,@realDonaldTrump
964,0.5423,Sun Jul 29 20:12:15 +0000 2018,0.661,0.101,0.237,125,@realDonaldTrump
965,-0.7574,Sun Jul 29 19:35:14 +0000 2018,0.706,0.294,0.0,126,@realDonaldTrump
966,0.8947,Sun Jul 29 19:09:19 +0000 2018,0.626,0.0,0.374,127,@realDonaldTrump
967,0.2023,Sun Jul 29 19:09:18 +0000 2018,0.652,0.159,0.188,128,@realDonaldTrump
968,-0.7808,Sun Jul 29 19:09:18 +0000 2018,0.687,0.313,0.0,129,@realDonaldTrump
969,-0.4019,Sun Jul 29 19:09:17 +0000 2018,0.856,0.144,0.0,130,@realDonaldTrump
970,0.34,Sun Jul 29 13:13:59 +0000 2018,0.897,0.0,0.103,131,@realDonaldTrump
971,0.6597,Sun Jul 29 12:42:52 +0000 2018,0.66,0.094,0.247,132,@realDonaldTrump
972,0.7316,Sun Jul 29 12:30:04 +0000 2018,0.755,0.0,0.245,133,@realDonaldTrump
973,0.8707,Sun Jul 29 12:00:13 +0000 2018,0.619,0.0,0.381,134,@realDonaldTrump
974,0.2732,Sun Jul 29 11:59:30 +0000 2018,0.905,0.0,0.095,135,@realDonaldTrump
975,-0.7236,Sun Jul 29 11:59:26 +0000 2018,0.595,0.291,0.114,136,@realDonaldTrump
976,0.3182,Sun Jul 29 11:58:09 +0000 2018,0.881,0.0,0.119,137,@realDonaldTrump
977,-0.4767,Sun Jul 29 11:52:49 +0000 2018,0.829,0.171,0.0,138,@realDonaldTrump
978,0.8689,Sun Jul 29 11:44:00 +0000 2018,0.634,0.0,0.366,139,@realDonaldTrump
979,0.6666,Sun Jul 29 11:31:52 +0000 2018,0.777,0.0,0.223,140,@realDonaldTrump
